Timestamp,User Count,Type,Name,Requests/s,Failures/s,50%,66%,75%,80%,90%,95%,98%,99%,99.9%,99.99%,100%,Total Request Count,Total Failure Count,Total Median Response Time,Total Average Response Time,Total Min Response Time,Total Max Response Time,Total Average Content Size
1790896712,0,,Aggregated,0.000000,0.000000,N/A,N/A,N/A,N/A,N/A,N/A,N/A,N/A,N/A,N/A,N/A,0,0,0,0.0,0,0,0
1790896713,2,GET,/items/[id],0.000000,0.000000,0,0,0,0,0,0,0,0,0,0,0,2,0,880,806.4038009997603,730.3928729998006,882.41472899972,43.0
1790896713,2,,Aggregated,0.000000,0.000000,0,0,0,0,0,0,0,0,0,0,0,2,0,880,806.4038009997603,730.3928729998006,882.41472899972,43.0
1790896714,4,GET,/items,0.000000,0.000000,0,0,0,0,0,0,0,0,0,0,0,1,0,675.7023240002127,675.7023240002127,675.7023240002127,675.7023240002127,2128.0
1790896714,4,GET,/items/[id],0.000000,0.000000,0,0,0,0,0,0,0,0,0,0,0,4,0,730,678.21788249978,422.0374329997867,882.41472899972,42.5
1790896714,4,,Aggregated,0.000000,0.000000,680,730,730,880,880,880,880,880,880,880,880,5,0,680,677.7147707998665,422.0374329997867,882.41472899972,459.6
1790896715,6,GET,/cpu,0.000000,0.000000,0,0,0,0,0,0,0,0,0,0,0,1,0,310.52469899987045,310.52469899987045,310.52469899987045,310.52469899987045,46.0
1790896715,6,GET,/items,0.000000,0.000000,0,0,0,0,0,0,0,0,0,0,0,3,0,530,537.2484703333006,403.18375199967704,675.7023240002127,2128.0
1790896715,6,GET,/items/[id],0.000000,0.000000,680,680,680,680,680,680,680,680,680,680,680,4,0,730,678.21788249978,422.0374329997867,882.41472899972,42.5
1790896715,6,,Aggregated,0.000000,0.000000,680,680,730,730,880,880,880,880,880,880,880,8,0,680,579.3927049998615,310.52469899987045,882.41472899972,825.0
1790896716,8,GET,/cpu,0.000000,0.000000,0,0,0,0,0,0,0,0,0,0,0,2,0,730,520.3840404999482,310.52469899987045,730.243382000026,46.0
1790896716,8,GET,/items,0.000000,0.000000,530,530,1100,1100,1100,1100,1100,1100,1100,1100,1100,5,0,530,608.9395887999672,368.613342000117,1064.3391909998172,2128.0
1790896716,8,GET,/items/[id],1.000000,0.000000,420,420,680,680,680,680,680,680,680,680,680,5,0,680,606.7488843998035,320.87289199989755,882.41472899972,42.6
1790896716,8,,Aggregated,1.000000,0.000000,680,680,730,730,880,1100,1100,1100,1100,1100,1100,12,0,680,593.2675372498958,310.52469899987045,1064.3391909998172,912.0833333333334
1790896717,10,GET,/cpu,0.000000,0.000000,730,730,730,730,730,730,730,730,730,730,730,2,0,730,520.3840404999482,310.52469899987045,730.243382000026,46.0
1790896717,10,GET,/items,0.333333,0.000000,530,740,740,1100,1100,1100,1100,1100,1100,1100,1100,10,0,680,624.2045463000068,314.4465099999252,1078.4442330000275,2128.0
1790896717,10,GET,/items/[id],1.333333,0.000000,680,680,1100,1100,1100,1100,1100,1100,1100,1100,1100,6,0,730,685.3745364998455,320.87289199989755,1078.5027970000556,42.666666666666664
1790896717,10,,Aggregated,1.666667,0.000000,680,730,740,880,1100,1100,1100,1100,1100,1100,1100,18,0,680,633.0589312777242,310.52469899987045,1078.5027970000556,1201.5555555555557
1790896718,10,GET,/,0.000000,0.000000,0,0,0,0,0,0,0,0,0,0,0,1,0,382.47850000016115,382.47850000016115,382.47850000016115,382.47850000016115,101.0
1790896718,10,GET,/cpu,0.250000,0.000000,730,730,730,730,730,730,730,730,730,730,730,3,0,310,448.86209733325205,305.81821099985973,730.243382000026,46.0
1790896718,10,GET,/items,1.000000,0.000000,530,740,740,740,1100,1100,1100,1100,1100,1100,1100,12,0,680,613.3966172500323,314.4465099999252,1078.4442330000275,2128.0
1790896718,10,GET,/items/[id],1.000000,0.000000,420,680,680,1100,1100,1100,1100,1100,1100,1100,1100,7,0,680,638.6383019998902,320.87289199989755,1078.5027970000556,42.714285714285715
1790896718,10,,Aggregated,2.250000,0.000000,530,730,740,740,1100,1100,1100,1100,1100,1100,1100,23,0,530,589.5779266521538,305.81821099985973,1078.5027970000556,1133.6521739130435
1790896719,10,GET,/,0.000000,0.000000,380,380,380,380,380,380,380,380,380,380,380,1,0,382.47850000016115,382.47850000016115,382.47850000016115,382.47850000016115,101.0
1790896719,10,GET,/cpu,0.400000,0.000000,730,730,730,730,730,730,730,730,730,730,730,3,0,310,448.86209733325205,305.81821099985973,730.243382000026,46.0
1790896719,10,GET,/items,1.200000,0.000000,380,530,690,740,1100,1100,1100,1100,1100,1100,1100,18,0,400,526.4446166666706,314.4465099999252,1078.4442330000275,2128.0
1790896719,10,GET,/items/[id],1.200000,0.000000,420,480,680,790,1100,1100,1100,1100,1100,1100,1100,11,0,480,585.4309047271768,320.87289199989755,1078.5027970000556,42.81818181818182
1790896719,10,,Aggregated,2.800000,0.000000,400,680,730,740,880,1100,1100,1100,1100,1100,1100,33,0,400,534.6911467878465,305.81821099985973,1078.5027970000556,1182.2424242424242
1790896720,10,GET,/,0.166667,0.000000,380,380,380,380,380,380,380,380,380,380,380,1,0,382.47850000016115,382.47850000016115,382.47850000016115,382.47850000016115,101.0
1790896720,10,GET,/cpu,0.500000,0.000000,550,550,730,730,730,730,730,730,730,730,730,5,0,330,444.89792539998234,305.81821099985973,730.243382000026,46.0
1790896720,10,GET,/items,1.666667,0.000000,400,530,690,740,1100,1100,1100,1100,1100,1100,1100,20,0,410,523.5156545000109,314.4465099999252,1078.4442330000275,2128.0
1790896720,10,GET,/items/[id],1.166667,0.000000,420,480,680,790,1100,1100,1100,1100,1100,1100,1100,11,0,480,585.4309047271768,320.87289199989755,1078.5027970000556,42.81818181818182
1790896720,10,,Aggregated,3.500000,0.000000,410,580,690,730,880,1100,1100,1100,1100,1100,1100,37,0,410,527.4870586216009,305.81821099985973,1078.5027970000556,1171.945945945946
1790896721,10,GET,/,0.142857,0.000000,380,380,380,380,380,380,380,380,380,380,380,1,0,382.47850000016115,382.47850000016115,382.47850000016115,382.47850000016115,101.0
1790896721,10,GET,/cpu,0.428571,0.000000,550,550,730,730,730,730,730,730,730,730,730,5,0,330,444.89792539998234,305.81821099985973,730.243382000026,46.0
1790896721,10,GET,/items,1.857143,0.000000,370,410,530,690,740,1100,1100,1100,1100,1100,1100,26,0,380,482.3047906923141,307.8313699998034,1078.4442330000275,2128.0
1790896721,10,GET,/items/[id],1.285714,0.000000,420,680,790,790,850,1100,1100,1100,1100,1100,1100,13,0,480,592.0254841537896,320.87289199989755,1078.5027970000556,42.69230769230769
1790896721,10,,Aggregated,3.714286,0.000000,400,530,680,730,850,1100,1100,1100,1100,1100,1100,45,0,400,507.6271995333223,305.81821099985973,1078.5027970000556,1249.2
1790896722,10,GET,/,0.125000,0.000000,380,380,380,380,380,380,380,380,380,380,380,2,0,380,359.19648150002104,335.9144629998809,382.47850000016115,101.0
1790896722,10,GET,/cpu,0.375000,0.000000,550,550,730,730,730,730,730,730,730,730,730,5,0,330,444.89792539998234,305.81821099985973,730.243382000026,46.0
1790896722,10,GET,/items,2.250000,0.000000,370,410,530,580,740,1100,1100,1100,1100,1100,1100,28,0,380,477.35787617856266,307.8313699998034,1078.4442330000275,2128.0
1790896722,10,GET,/items/[id],1.375000,0.000000,420,480,790,790,850,1100,1100,1100,1100,1100,1100,14,0,480,571.3891656428132,303.1170250001196,1078.5027970000556,42.714285714285715
1790896722,10,,Aggregated,4.125000,0.000000,380,480,680,730,850,1100,1100,1100,1100,1100,1100,49,0,380,496.088804938757,303.1170250001196,1078.5027970000556,1237.0204081632653
1790896723,10,GET,/,0.111111,0.000000,340,340,380,380,380,380,380,380,380,380,380,3,0,340,331.0583509999863,274.78208999991693,382.47850000016115,101.0
1790896723,10,GET,/cpu,0.555556,0.000000,550,550,730,730,730,730,730,730,730,730,730,5,0,330,444.89792539998234,305.81821099985973,730.243382000026,46.0
1790896723,10,GET,/items,2.444444,0.000000,370,410,460,580,740,1100,1100,1100,1100,1100,1100,30,0,370,467.6863737333103,307.8313699998034,1078.4442330000275,2128.0
1790896723,10,GET,/items/[id],1.222222,0.000000,380,420,680,680,850,1100,1100,1100,1100,1100,1100,18,0,410,519.2741750555443,303.1170250001196,1078.5027970000556,42.77777777777778
1790896723,10,,Aggregated,4.333333,0.000000,370,410,530,680,740,1100,1100,1100,1100,1100,1100,56,0,370,474.91412576783887,274.78208999991693,1078.5027970000556,1163.267857142857
1790896724,10,GET,/,0.100000,0.000000,340,340,380,380,380,380,380,380,380,380,380,3,0,340,331.0583509999863,274.78208999991693,382.47850000016115,101.0
1790896724,10,GET,/cpu,0.500000,0.000000,330,550,550,730,730,730,730,730,730,730,730,6,0,330,424.09326916663304,305.81821099985973,730.243382000026,46.0
1790896724,10,GET,/items,2.600000,0.000000,370,400,460,530,740,1100,1100,1100,1100,1100,1100,33,0,370,454.2257901514886,299.1186069998548,1078.4442330000275,2128.0
1790896724,10,GET,/items/[id],1.300000,0.000000,360,420,480,680,850,1100,1100,1100,1100,1100,1100,19,0,380,506.4170275789509,274.98837300026935,1078.5027970000556,42.63157894736842
1790896724,10,,Aggregated,4.500000,0.000000,360,380,460,530,740,1100,1100,1100,1100,1100,1100,61,0,360,461.4608076557205,274.78208999991693,1078.5027970000556,1173.983606557377
1790896725,10,GET,/,0.200000,0.000000,320,340,340,380,380,380,380,380,380,380,380,5,0,320,316.7113049999898,273.6330719999387,382.47850000016115,100.8
1790896725,10,GET,/cpu,0.500000,0.000000,330,550,550,730,730,730,730,730,730,730,730,6,0,330,424.09326916663304,305.81821099985973,730.243382000026,46.0
1790896725,10,GET,/items,2.800000,0.000000,360,370,410,460,740,740,1100,1100,1100,1100,1100,34,0,370,450.2711434117426,299.1186069998548,1078.4442330000275,2128.0
1790896725,10,GET,/items/[id],1.400000,0.000000,350,380,410,480,850,1100,1100,1100,1100,1100,1100,22,0,380,483.4259428636291,274.98837300026935,1078.5027970000556,42.68181818181818
1790896725,10,,Aggregated,4.900000,0.000000,350,380,410,460,740,850,1100,1100,1100,1100,1100,67,0,360,448.84635461192295,273.6330719999387,1078.5027970000556,1105.5373134328358
1790896726,10,GET,/,0.300000,0.000000,320,340,340,380,380,380,380,380,380,380,380,5,0,320,316.7113049999898,273.6330719999387,382.47850000016115,100.8
1790896726,10,GET,/cpu,0.500000,0.000000,320,330,330,550,550,550,550,550,550,550,550,7,0,320,406.1851659999515,298.7365469998622,730.243382000026,46.0
1790896726,10,GET,/items,3.000000,0.000000,360,380,410,430,690,740,740,740,740,740,740,36,0,370,447.14198374996766,299.1186069998548,1078.4442330000275,2128.0
1790896726,10,GET,/items/[id],1.600000,0.000000,330,350,380,400,480,790,850,850,850,850,850,27,0,340,447.74850822216615,268.92386499957865,1078.5027970000556,42.74074074074074
1790896726,10,,Aggregated,5.400000,0.000000,340,370,380,410,550,740,790,850,850,850,850,75,0,350,434.8423176532924,268.92386499957865,1078.5027970000556,1047.84
1790896727,10,GET,/,0.300000,0.000000,320,340,340,380,380,380,380,380,380,380,380,5,0,320,316.7113049999898,273.6330719999387,382.47850000016115,100.8
1790896727,10,GET,/cpu,0.600000,0.000000,330,330,330,330,550,550,550,550,550,550,550,9,0,330,388.9435346666485,298.7365469998622,730.243382000026,46.0
1790896727,10,GET,/items,3.200000,0.000000,360,370,400,410,460,580,690,690,690,690,690,37,0,370,443.6905191080744,299.1186069998548,1078.4442330000275,2128.0
1790896727,10,GET,/items/[id],1.700000,0.000000,320,340,380,400,480,790,850,850,850,850,850,29,0,340,436.32969062063523,268.92386499957865,1078.5027970000556,42.6551724137931
1790896727,10,,Aggregated,5.800000,0.000000,330,360,380,400,480,690,790,850,850,850,850,80,0,350,426.926982149962,268.92386499957865,1078.5027970000556,1011.1375
1790896728,10,GET,/,0.500000,0.000000,320,340,340,380,380,380,380,380,380,380,380,5,0,320,316.7113049999898,273.6330719999387,382.47850000016115,100.8
1790896728,10,GET,/cpu,0.600000,0.000000,330,330,330,330,550,550,550,550,550,550,550,10,0,330,380.9461480999744,298.7365469998622,730.243382000026,46.0
1790896728,10,GET,/items,3.000000,0.000000,350,360,370,390,410,460,580,580,580,580,580,43,0,360,428.83733927903955,299.1186069998548,1078.4442330000275,2128.0
1790896728,10,GET,/items/[id],1.800000,0.000000,310,340,380,400,790,850,850,850,850,850,850,29,0,340,436.32969062063523,268.92386499957865,1078.5027970000556,42.6551724137931
1790896728,10,,Aggregated,5.900000,0.000000,330,350,360,380,410,550,790,850,850,850,850,87,0,340,419.38603014938866,268.92386499957865,1078.5027970000556,1077.0689655172414
1790896729,10,GET,/,0.500000,0.000000,340,340,380,380,610,610,610,610,610,610,610,6,0,340,365.3999090000373,273.6330719999387,608.842929000275,100.66666666666667
1790896729,10,GET,/cpu,0.500000,0.000000,330,350,370,390,550,550,550,550,550,550,550,13,0,330,378.3994314614854,298.7365469998622,730.243382000026,46.0
1790896729,10,GET,/items,3.000000,0.000000,340,370,390,390,410,460,580,580,580,580,580,45,0,360,426.1734995110803,299.1186069998548,1078.4442330000275,2128.0
1790896729,10,GET,/items/[id],2.100000,0.000000,310,340,380,400,790,850,850,850,850,850,850,29,0,340,436.32969062063523,268.92386499957865,1078.5027970000556,42.6551724137931
1790896729,10,,Aggregated,6.100000,0.000000,330,350,380,390,410,580,610,850,850,850,850,93,0,350,418.74151149458675,268.92386499957865,1078.5027970000556,1055.9032258064517
1790896730,10,GET,/,0.400000,0.000000,320,340,340,610,610,610,610,610,610,610,610,6,0,340,365.3999090000373,273.6330719999387,608.842929000275,100.66666666666667
1790896730,10,GET,/cpu,0.600000,0.000000,330,350,370,390,550,550,550,550,550,550,550,13,0,330,378.3994314614854,298.7365469998622,730.243382000026,46.0
1790896730,10,GET,/items,2.800000,0.000000,330,360,370,380,410,460,560,560,560,560,560,48,0,360,423.63977264579944,293.03871100000833,1078.4442330000275,2128.0
1790896730,10,GET,/items/[id],2.200000,0.000000,310,330,380,400,500,850,850,850,850,850,850,30,0,340,438.43612906660684,268.92386499957865,1078.5027970000556,42.666666666666664
1790896730,10,,Aggregated,6.000000,0.000000,330,340,370,380,410,560,610,850,850,850,850,97,0,350,418.55036105150634,268.92386499957865,1078.5027970000556,1078.618556701031
1790896731,10,GET,/,0.400000,0.000000,340,340,340,340,610,610,610,610,610,610,610,7,0,340,361.433488000005,273.6330719999387,608.842929000275,100.57142857142857
1790896731,10,GET,/cpu,0.700000,0.000000,330,350,370,370,390,550,550,550,550,550,550,15,0,330,372.38592959996214,298.7365469998622,730.243382000026,46.0
1790896731,10,GET,/items,3.000000,0.000000,340,370,390,400,450,460,560,560,560,560,560,51,0,360,422.1573513725036,293.03871100000833,1078.4442330000275,2128.0
1790896731,10,GET,/items/[id],2.000000,0.000000,310,330,380,400,500,610,610,610,610,610,610,33,0,340,439.25762451510417,268.92386499957865,1078.5027970000556,42.696969696969695
1790896731,10,,Aggregated,6.100000,0.000000,330,350,370,390,440,500,610,610,610,610,610,106,0,350,416.4278291414679,268.92386499957865,1078.5027970000556,1050.2924528301887
1790896732,10,GET,/,0.500000,0.000000,320,340,340,610,610,610,610,610,610,610,610,7,0,340,361.433488000005,273.6330719999387,608.842929000275,100.57142857142857
1790896732,10,GET,/cpu,1.000000,0.000000,330,350,360,370,390,390,390,390,390,390,390,15,0,330,372.38592959996214,298.7365469998622,730.243382000026,46.0
1790896732,10,GET,/items,2.800000,0.000000,340,360,390,400,410,450,560,560,560,560,560,52,0,360,421.91402932688175,293.03871100000833,1078.4442330000275,2128.0
1790896732,10,GET,/items/[id],1.800000,0.000000,310,330,380,400,500,610,680,680,680,680,680,37,0,340,433.74926005399914,268.92386499957865,1078.5027970000556,42.648648648648646
1790896732,10,,Aggregated,6.100000,0.000000,330,350,380,390,440,560,610,680,680,680,680,111,0,350,415.3520315945522,268.92386499957865,1078.5027970000556,1023.6756756756756
1790896733,10,GET,/,0.500000,0.000000,320,340,340,610,610,610,610,610,610,610,610,7,0,340,361.433488000005,273.6330719999387,608.842929000275,100.57142857142857
1790896733,10,GET,/cpu,0.800000,0.000000,330,350,360,360,370,390,390,390,390,390,390,16,0,330,367.23323118746976,289.9427550000837,730.243382000026,46.0
1790896733,10,GET,/items,2.800000,0.000000,340,380,390,410,440,450,560,560,560,560,560,55,0,360,417.60956149087593,283.1919350001044,1078.4442330000275,2128.0
1790896733,10,GET,/items/[id],2.100000,0.000000,290,310,330,400,500,610,680,680,680,680,680,39,0,330,426.07328420507866,268.92386499957865,1078.5027970000556,42.666666666666664
1790896733,10,,Aggregated,6.200000,0.000000,320,350,380,390,440,560,610,680,680,680,680,117,0,350,410.18076992304105,268.92386499957865,1078.5027970000556,1026.871794871795
1790896734,10,GET,/,0.600000,0.000000,320,340,340,610,610,610,610,610,610,610,610,8,0,340,351.62450687499813,273.6330719999387,608.842929000275,100.625
1790896734,10,GET,/cpu,1.000000,0.000000,330,350,360,360,370,390,390,390,390,390,390,17,0,330,361.8375418235005,275.50651199999265,730.243382000026,46.0
1790896734,10,GET,/items,2.500000,0.000000,350,390,400,410,440,450,560,560,560,560,560,55,0,360,417.60956149087593,283.1919350001044,1078.4442330000275,2128.0
1790896734,10,GET,/items/[id],2.000000,0.000000,290,310,330,400,500,610,680,680,680,680,680,43,0,320,413.75291641856336,268.92386499957865,1078.5027970000556,42.69767441860465
1790896734,10,,Aggregated,6.100000,0.000000,320,350,390,400,450,610,610,680,680,680,680,123,0,340,404.26126466663345,268.92386499957865,1078.5027970000556,979.3739837398374
1790896735,10,GET,/,0.500000,0.000000,320,340,340,610,610,610,610,610,610,610,610,8,0,340,351.62450687499813,273.6330719999387,608.842929000275,100.625
1790896735,10,GET,/cpu,1.000000,0.000000,330,330,360,360,370,390,390,390,390,390,390,18,0,330,358.26245738887036,275.50651199999265,730.243382000026,46.0
1790896735,10,GET,/items,2.400000,0.000000,340,390,400,410,450,560,700,700,700,700,700,59,0,360,416.4634046948885,283.1919350001044,1078.4442330000275,2128.0
1790896735,10,GET,/items/[id],2.300000,0.000000,290,310,330,440,610,610,680,680,680,680,680,46,0,320,412.74907067387454,268.92386499957865,1078.5027970000556,42.71739130434783
1790896735,10,,Aggregated,6.200000,0.000000,310,350,390,400,500,610,680,700,700,700,700,131,0,340,403.20243065646036,268.92386499957865,1078.5027970000556,985.8778625954199
1790896736,10,GET,/,0.400000,0.000000,300,320,340,340,610,610,610,610,610,610,610,10,0,320,340.65087269996184,273.6330719999387,608.842929000275,100.7
1790896736,10,GET,/cpu,1.100000,0.000000,330,350,370,370,390,400,400,400,400,400,400,19,0,330,360.3332978947085,275.50651199999265,730.243382000026,46.0
1790896736,10,GET,/items,2.500000,0.000000,340,390,400,410,450,560,700,700,700,700,700,59,0,360,416.4634046948885,283.1919350001044,1078.4442330000275,2128.0
1790896736,10,GET,/items/[id],2.100000,0.000000,290,310,310,440,610,610,680,680,680,680,680,48,0,310,407.27373468746464,268.92386499957865,1078.5027970000556,42.666666666666664
1790896736,10,,Aggregated,6.100000,0.000000,310,350,390,400,500,610,680,700,700,700,700,136,0,340,399.80383477202804,268.92386499957865,1078.5027970000556,952.0661764705883
1790896737,10,GET,/,0.500000,0.000000,300,340,340,610,610,610,610,610,610,610,610,10,0,320,340.65087269996184,273.6330719999387,608.842929000275,100.7
1790896737,10,GET,/cpu,1.100000,0.000000,350,370,370,370,390,400,400,400,400,400,400,20,0,330,360.74779604996365,275.50651199999265,730.243382000026,46.0
1790896737,10,GET,/items,2.200000,0.000000,350,390,400,440,530,560,700,700,700,700,700,63,0,360,415.3964538571248,283.1919350001044,1078.4442330000275,2128.0
1790896737,10,GET,/items/[id],2.200000,0.000000,290,310,310,440,610,610,680,680,680,680,680,50,0,310,402.29351391995806,256.5124279999509,1078.5027970000556,42.68
1790896737,10,,Aggregated,6.000000,0.000000,310,360,390,400,530,610,680,700,700,700,700,143,0,340,397.94487368528445,256.5124279999509,1078.5027970000556,965.9090909090909
1790896738,10,GET,/,0.300000,0.000000,300,340,340,610,610,610,610,610,610,610,610,10,0,320,340.65087269996184,273.6330719999387,608.842929000275,100.7
1790896738,10,GET,/cpu,1.100000,0.000000,360,370,370,390,400,400,400,400,400,400,400,20,0,330,360.74779604996365,275.50651199999265,730.243382000026,46.0
1790896738,10,GET,/items,2.500000,0.000000,350,390,410,440,560,700,740,740,740,740,740,69,0,350,412.27448884055906,283.1919350001044,1078.4442330000275,2128.0
1790896738,10,GET,/items/[id],2.400000,0.000000,290,310,310,440,610,610,680,680,680,680,680,50,0,310,402.29351391995806,256.5124279999509,1078.5027970000556,42.68
1790896738,10,,Aggregated,6.300000,0.000000,310,360,390,410,560,610,700,740,740,740,740,149,0,330,397.20187969124413,256.5124279999509,1078.5027970000556,1012.7046979865772
1790896739,10,GET,/,0.500000,0.000000,340,340,360,360,610,610,610,610,610,610,610,11,0,320,342.00648281814046,273.6330719999387,608.842929000275,100.63636363636364
1790896739,10,GET,/cpu,1.200000,0.000000,360,370,390,390,400,400,400,400,400,400,400,22,0,330,360.72038022722484,275.50651199999265,730.243382000026,46.0
1790896739,10,GET,/items,2.300000,0.000000,340,390,410,450,560,700,740,740,740,740,740,71,0,350,410.8723749718144,283.1919350001044,1078.4442330000275,2128.0
1790896739,10,GET,/items/[id],2.100000,0.000000,290,310,310,440,610,610,680,680,680,680,680,50,0,310,402.29351391995806,256.5124279999509,1078.5027970000556,42.68
1790896739,10,,Aggregated,6.100000,0.000000,310,360,400,410,560,680,700,740,740,740,740,154,0,340,396.00346749996896,256.5124279999509,1078.5027970000556,1008.7077922077922
1790896740,10,GET,/,0.500000,0.000000,300,300,340,340,360,360,360,360,360,360,360,12,0,320,338.59764574996615,273.6330719999387,608.842929000275,100.66666666666667
1790896740,10,GET,/cpu,1.100000,0.000000,320,360,370,400,400,400,400,400,400,400,400,22,0,330,360.72038022722484,275.50651199999265,730.243382000026,46.0
1790896740,10,GET,/items,2.600000,0.000000,320,380,400,410,530,700,740,740,740,740,740,76,0,350,405.7700011315702,283.1919350001044,1078.4442330000275,2128.0
1790896740,10,GET,/items/[id],2.100000,0.000000,290,310,310,410,610,680,680,680,680,680,680,51,0,310,402.5373942548618,256.5124279999509,1078.5027970000556,42.68627450980392
1790896740,10,,Aggregated,6.300000,0.000000,310,340,380,400,530,680,700,740,740,740,740,161,0,330,393.58352364593685,256.5124279999509,1078.5027970000556,1031.832298136646
1790896741,10,GET,/,0.500000,0.000000,300,300,340,340,360,360,360,360,360,360,360,13,0,300,335.73855338457946,273.6330719999387,608.842929000275,100.6923076923077
1790896741,10,GET,/cpu,1.000000,0.000000,320,360,370,400,400,400,400,400,400,400,400,23,0,330,357.0267639564839,275.50651199999265,730.243382000026,46.0
1790896741,10,GET,/items,2.600000,0.000000,320,370,380,410,530,700,740,740,740,740,740,80,0,350,401.8479963624941,283.1919350001044,1078.4442330000275,2128.0
1790896741,10,GET,/items/[id],2.100000,0.000000,290,310,310,310,610,680,680,680,680,680,680,51,0,310,402.5373942548618,256.5124279999509,1078.5027970000556,42.68627450980392
1790896741,10,,Aggregated,6.200000,0.000000,310,320,370,380,440,610,700,740,740,740,740,167,0,330,390.7393028802164,256.5124279999509,1078.5027970000556,1046.6107784431138
1790896742,10,GET,/,0.500000,0.000000,300,300,300,300,360,360,360,360,360,360,360,13,0,300,335.73855338457946,273.6330719999387,608.842929000275,100.6923076923077
1790896742,10,GET,/cpu,0.900000,0.000000,310,320,370,400,400,400,400,400,400,400,400,24,0,330,355.169125208306,275.50651199999265,730.243382000026,46.0
1790896742,10,GET,/items,2.500000,0.000000,320,340,370,380,440,700,740,740,740,740,740,86,0,350,396.78872830232166,283.1919350001044,1078.4442330000275,2128.0
1790896742,10,GET,/items/[id],2.100000,0.000000,290,310,310,310,410,610,610,610,610,610,610,51,0,310,402.5373942548618,256.5124279999509,1078.5027970000556,42.68627450980392
1790896742,10,,Aggregated,6.000000,0.000000,310,320,350,370,410,530,700,740,740,740,740,174,0,330,388.1718272413592,256.5124279999509,1078.5027970000556,1078.1494252873563
1790896743,10,GET,/,0.600000,0.000000,300,300,300,300,360,360,360,360,360,360,360,13,0,300,335.73855338457946,273.6330719999387,608.842929000275,100.6923076923077
1790896743,10,GET,/cpu,0.900000,0.000000,320,370,400,400,400,400,400,400,400,400,400,24,0,330,355.169125208306,275.50651199999265,730.243382000026,46.0
1790896743,10,GET,/items,2.600000,0.000000,320,340,370,380,440,700,740,740,740,740,740,89,0,340,394.88089141572397,283.1919350001044,1078.4442330000275,2128.0
1790896743,10,GET,/items/[id],1.900000,0.000000,290,310,310,340,410,610,610,610,610,610,610,53,0,310,398.80359164146523,256.5124279999509,1078.5027970000556,42.698113207547166
1790896743,10,,Aggregated,6.000000,0.000000,310,330,350,370,400,530,700,740,740,740,740,179,0,330,386.4226250949496,256.5124279999509,1078.5027970000556,1084.1787709497207
1790896744,10,GET,/,0.600000,0.000000,300,300,300,300,360,360,360,360,360,360,360,13,0,300,335.73855338457946,273.6330719999387,608.842929000275,100.6923076923077
1790896744,10,GET,/cpu,0.800000,0.000000,320,370,400,400,400,400,400,400,400,400,400,24,0,330,355.169125208306,275.50651199999265,730.243382000026,46.0
1790896744,10,GET,/items,2.900000,0.000000,320,340,370,380,440,700,740,740,740,740,740,91,0,340,393.0315993186794,283.1919350001044,1078.4442330000275,2128.0
1790896744,10,GET,/items/[id],1.800000,0.000000,310,310,330,340,410,610,610,610,610,610,610,56,0,310,393.5777952856694,256.5124279999509,1078.5027970000556,42.714285714285715
1790896744,10,,Aggregated,6.100000,0.000000,320,330,350,370,400,530,700,740,740,740,740,184,0,330,384.2113710488924,256.5124279999509,1078.5027970000556,1078.5489130434783
1790896745,10,GET,/,0.600000,0.000000,300,300,350,350,360,360,360,360,360,360,360,14,0,320,336.539164428554,273.6330719999387,608.842929000275,100.71428571428571
1790896745,10,GET,/cpu,0.900000,0.000000,330,370,400,400,400,400,400,400,400,400,400,25,0,330,354.1152799199699,275.50651199999265,730.243382000026,46.0
1790896745,10,GET,/items,3.500000,0.000000,320,340,370,380,450,700,740,740,740,740,740,93,0,340,393.04126431182266,283.1919350001044,1078.4442330000275,2128.0
1790896745,10,GET,/items/[id],1.400000,0.000000,310,330,340,380,410,410,410,410,410,410,410,60,0,310,391.0989616166262,256.5124279999509,1078.5027970000556,42.68333333333333
1790896745,10,,Aggregated,6.400000,0.000000,320,340,360,380,400,440,530,740,740,740,740,192,0,330,383.24586238539626,256.5124279999509,1078.5027970000556,1057.421875
1790896747,10,GET,/,0.600000,0.000000,350,350,360,360,360,360,360,360,360,360,360,14,0,320,336.539164428554,273.6330719999387,608.842929000275,100.71428571428571
1790896747,10,GET,/cpu,0.800000,0.000000,330,330,370,370,400,400,400,400,400,400,400,25,0,330,354.1152799199699,275.50651199999265,730.243382000026,46.0
1790896747,10,GET,/items,3.500000,0.000000,320,340,340,350,390,450,740,740,740,740,740,95,0,340,391.53269382105043,283.1919350001044,1078.4442330000275,2128.0
1790896747,10,GET,/items/[id],1.400000,0.000000,300,330,330,340,410,410,410,410,410,410,410,65,0,310,382.84052649227164,256.5124279999509,1078.5027970000556,42.63076923076923
1790896747,10,,Aggregated,6.300000,0.000000,320,340,340,360,400,440,450,740,740,740,740,199,0,330,380.1239720351581,256.5124279999509,1078.5027970000556,1042.6683417085428
1790896748,10,GET,/,0.500000,0.000000,350,350,360,360,360,360,360,360,360,360,360,14,0,320,336.539164428554,273.6330719999387,608.842929000275,100.71428571428571
1790896748,10,GET,/cpu,0.700000,0.000000,320,330,330,400,400,400,400,400,400,400,400,25,0,330,354.1152799199699,275.50651199999265,730.243382000026,46.0
1790896748,10,GET,/items,3.600000,0.000000,330,340,340,350,390,440,450,450,450,450,450,97,0,340,390.494700793812,283.1919350001044,1078.4442330000275,2128.0
1790896748,10,GET,/items/[id],1.300000,0.000000,310,330,340,360,410,410,410,410,410,410,410,67,0,310,381.53026258205773,256.5124279999509,1078.5027970000556,42.61194029850746
1790896748,10,,Aggregated,6.100000,0.000000,330,340,340,360,390,410,440,450,450,450,450,203,0,330,379.33469886697856,256.5124279999509,1078.5027970000556,1043.5024630541873
1790896749,10,GET,/,0.600000,0.000000,300,300,350,350,350,350,350,350,350,350,350,14,0,320,336.539164428554,273.6330719999387,608.842929000275,100.71428571428571
1790896749,10,GET,/cpu,0.700000,0.000000,330,330,390,390,400,400,400,400,400,400,400,26,0,330,355.3430943845797,275.50651199999265,730.243382000026,46.0
1790896749,10,GET,/items,3.400000,0.000000,330,340,340,350,410,440,450,450,450,450,450,100,0,340,389.0814162199969,281.1005399998976,1078.4442330000275,2128.0
1790896749,10,GET,/items/[id],1.400000,0.000000,310,330,360,380,410,620,620,620,620,620,620,69,0,310,383.398024101414,256.5124279999509,1078.5027970000556,42.57971014492754
1790896749,10,,Aggregated,6.100000,0.000000,320,340,340,360,410,440,450,620,620,620,620,209,0,330,379.48839254065115,256.5124279999509,1078.5027970000556,1044.7081339712918
1790896750,10,GET,/,0.400000,0.000000,350,350,350,350,350,350,350,350,350,350,350,14,0,320,336.539164428554,273.6330719999387,608.842929000275,100.71428571428571
1790896750,10,GET,/cpu,0.600000,0.000000,330,370,370,390,390,390,390,390,390,390,390,27,0,330,356.0224748888585,275.50651199999265,730.243382000026,46.0
1790896750,10,GET,/items,3.600000,0.000000,340,340,340,350,390,410,450,450,450,450,450,102,0,340,388.2787074999929,281.1005399998976,1078.4442330000275,2128.0
1790896750,10,GET,/items/[id],1.700000,0.000000,310,330,340,360,410,410,620,620,620,620,620,71,0,310,381.3172374506727,256.5124279999509,1078.5027970000556,42.59154929577465
1790896750,10,,Aggregated,6.300000,0.000000,320,340,340,360,390,410,450,620,620,620,620,214,0,330,378.5145193831587,256.5124279999509,1078.5027970000556,1040.803738317757
1790896751,10,GET,/,0.400000,0.000000,300,300,350,350,350,350,350,350,350,350,350,15,0,300,333.71242786667307,273.6330719999387,608.842929000275,100.73333333333333
1790896751,10,GET,/cpu,0.500000,0.000000,370,370,390,390,390,390,390,390,390,390,390,27,0,330,356.0224748888585,275.50651199999265,730.243382000026,46.0
1790896751,10,GET,/items,3.300000,0.000000,340,340,340,370,390,410,450,450,450,450,450,105,0,340,386.9164845428498,281.1005399998976,1078.4442330000275,2128.0
1790896751,10,GET,/items/[id],1.700000,0.000000,300,320,330,340,380,410,620,620,620,620,620,74,0,310,377.9357615540239,256.5124279999509,1078.5027970000556,42.608108108108105
1790896751,10,,Aggregated,5.900000,0.000000,320,340,340,360,390,410,450,620,620,620,620,221,0,330,376.5238482895759,256.5124279999509,1078.5027970000556,1037.764705882353
1790896752,10,GET,/,0.400000,0.000000,300,300,350,350,350,350,350,350,350,350,350,15,0,300,333.71242786667307,273.6330719999387,608.842929000275,100.73333333333333
1790896752,10,GET,/cpu,0.600000,0.000000,330,370,370,390,390,390,390,390,390,390,390,28,0,330,353.6048084999623,275.50651199999265,730.243382000026,46.0
1790896752,10,GET,/items,3.100000,0.000000,340,340,340,370,390,410,450,450,450,450,450,108,0,340,384.1671196203657,281.1005399998976,1078.4442330000275,2128.0
1790896752,10,GET,/items/[id],1.900000,0.000000,300,310,330,340,380,410,620,620,620,620,620,76,0,310,375.9104169341754,256.5124279999509,1078.5027970000556,42.61842105263158
1790896752,10,,Aggregated,6.000000,0.000000,320,340,340,360,390,410,450,620,620,620,620,227,0,330,374.29895005284516,256.5124279999509,1078.5027970000556,1039.0396475770924
1790896753,10,GET,/,0.300000,0.000000,350,350,350,350,350,350,350,350,350,350,350,15,0,300,333.71242786667307,273.6330719999387,608.842929000275,100.73333333333333
1790896753,10,GET,/cpu,0.500000,0.000000,370,370,390,390,390,390,390,390,390,390,390,28,0,330,353.6048084999623,275.50651199999265,730.243382000026,46.0
1790896753,10,GET,/items,3.100000,0.000000,330,340,340,370,410,450,450,450,450,450,450,109,0,340,383.3490572110058,281.1005399998976,1078.4442330000275,2128.0
1790896753,10,GET,/items/[id],2.100000,0.000000,310,310,320,330,380,410,620,620,620,620,620,78,0,310,374.2033266153449,256.5124279999509,1078.5027970000556,42.55128205128205
1790896753,10,,Aggregated,6.000000,0.000000,310,330,340,360,390,410,620,620,620,620,620,230,0,330,373.3892511651981,256.5124279999509,1078.5027970000556,1035.0869565217392
1790896754,10,GET,/,0.300000,0.000000,330,330,350,350,350,350,350,350,350,350,350,16,0,320,333.75547431251107,273.6330719999387,608.842929000275,100.75
1790896754,10,GET,/cpu,0.500000,0.000000,370,370,390,390,390,390,390,390,390,390,390,28,0,330,353.6048084999623,275.50651199999265,730.243382000026,46.0
1790896754,10,GET,/items,2.900000,0.000000,340,340,370,390,410,450,450,450,450,450,450,112,0,340,383.3592945714284,281.1005399998976,1078.4442330000275,2128.0
1790896754,10,GET,/items/[id],2.300000,0.000000,310,330,360,360,410,430,620,620,620,620,620,82,0,310,374.0039237926428,256.5124279999509,1078.5027970000556,42.573170731707314
1790896754,10,,Aggregated,6.000000,0.000000,320,340,360,370,410,450,450,620,620,620,620,238,0,330,373.3007771848562,256.5124279999509,1078.5027970000556,1028.264705882353
1790896755,10,GET,/,0.200000,0.000000,330,330,350,350,350,350,350,350,350,350,350,17,0,300,331.22263482354197,273.6330719999387,608.842929000275,100.70588235294117
1790896755,10,GET,/cpu,0.500000,0.000000,370,370,390,390,390,390,390,390,390,390,390,28,0,330,353.6048084999623,275.50651199999265,730.243382000026,46.0
1790896755,10,GET,/items,2.800000,0.000000,320,340,370,370,410,410,450,450,450,450,450,116,0,340,381.21182977586005,281.1005399998976,1078.4442330000275,2128.0
1790896755,10,GET,/items/[id],2.500000,0.000000,310,320,360,360,390,430,620,620,620,620,620,86,0,310,371.9781297790294,256.5124279999509,1078.5027970000556,42.55813953488372
1790896755,10,,Aggregated,6.000000,0.000000,310,340,360,370,390,430,450,620,620,620,620,247,0,330,371.4267645546373,256.5124279999509,1078.5027970000556,1026.3481781376518
1790896756,10,GET,/,0.200000,0.000000,290,330,330,350,350,350,350,350,350,350,350,18,0,300,328.778460611122,273.6330719999387,608.842929000275,100.66666666666667
1790896756,10,GET,/cpu,0.400000,0.000000,370,370,390,390,390,390,390,390,390,390,390,28,0,330,353.6048084999623,275.50651199999265,730.243382000026,46.0
1790896756,10,GET,/items,2.200000,0.000000,330,340,370,370,410,410,450,450,450,450,450,120,0,340,379.65915021666586,281.1005399998976,1078.4442330000275,2128.0
1790896756,10,GET,/items/[id],2.700000,0.000000,310,330,360,360,390,430,620,620,620,620,620,86,0,310,371.9781297790294,256.5124279999509,1078.5027970000556,42.55813953488372
1790896756,10,,Aggregated,5.500000,0.000000,320,340,360,370,390,430,450,620,620,620,620,252,0,330,370.5085877618871,256.5124279999509,1078.5027970000556,1040.1587301587301
1790896757,10,GET,/,0.300000,0.000000,290,290,330,330,330,330,330,330,330,330,330,18,0,300,328.778460611122,273.6330719999387,608.842929000275,100.66666666666667
1790896757,10,GET,/cpu,0.400000,0.000000,370,370,390,390,390,390,390,390,390,390,390,28,0,330,353.6048084999623,275.50651199999265,730.243382000026,46.0
1790896757,10,GET,/items,2.200000,0.000000,330,340,370,370,410,410,450,450,450,450,450,124,0,340,378.1149647580649,281.1005399998976,1078.4442330000275,2128.0
1790896757,10,GET,/items/[id],2.900000,0.000000,310,330,360,380,430,620,620,620,620,620,620,87,0,310,370.86308860915744,256.5124279999509,1078.5027970000556,42.5632183908046
1790896757,10,,Aggregated,5.800000,0.000000,310,340,360,370,390,430,450,620,620,620,620,257,0,330,369.53420726846633,256.5124279999509,1078.5027970000556,1053.2101167315175
1790896758,10,GET,/,0.400000,0.000000,290,330,330,340,340,340,340,340,340,340,340,19,0,300,329.5645675263203,273.6330719999387,608.842929000275,100.6842105263158
1790896758,10,GET,/cpu,0.400000,0.000000,370,370,370,370,370,370,370,370,370,370,370,28,0,330,353.6048084999623,275.50651199999265,730.243382000026,46.0
1790896758,10,GET,/items,2.500000,0.000000,320,340,370,370,410,450,460,460,460,460,460,127,0,340,377.5338869606322,281.1005399998976,1078.4442330000275,2128.0
1790896758,10,GET,/items/[id],3.000000,0.000000,310,320,360,360,390,430,440,440,440,440,440,91,0,310,369.2907821318291,256.5124279999509,1078.5027970000556,42.527472527472526
1790896758,10,,Aggregated,6.300000,0.000000,310,330,360,370,390,440,450,460,460,460,460,265,0,330,368.7355707131913,256.5124279999509,1078.5027970000556,1046.5169811320754
1790896759,10,GET,/,0.400000,0.000000,290,330,330,340,340,340,340,340,340,340,340,19,0,300,329.5645675263203,273.6330719999387,608.842929000275,100.6842105263158
1790896759,10,GET,/cpu,0.300000,0.000000,310,310,370,370,370,370,370,370,370,370,370,30,0,330,350.09657126662813,275.50651199999265,730.243382000026,46.0
1790896759,10,GET,/items,2.700000,0.000000,320,330,360,370,410,450,460,460,460,460,460,130,0,340,375.89185677692717,281.1005399998976,1078.4442330000275,2128.0
1790896759,10,GET,/items/[id],2.600000,0.000000,310,320,360,360,390,430,440,440,440,440,440,94,0,310,366.5745577765576,256.5124279999509,1078.5027970000556,42.54255319148936
1790896759,10,,Aggregated,6.000000,0.000000,310,330,340,360,390,440,450,460,460,460,460,273,0,330,366.6248122087759,256.5124279999509,1078.5027970000556,1040.043956043956
1790896760,10,GET,/,0.400000,0.000000,300,300,330,330,340,340,340,340,340,340,340,21,0,300,326.61760576192614,273.6330719999387,608.842929000275,100.66666666666667
1790896760,10,GET,/cpu,0.300000,0.000000,290,300,300,310,310,310,310,310,310,310,310,32,0,320,346.8286354687109,275.50651199999265,730.243382000026,46.0
1790896760,10,GET,/items,2.900000,0.000000,320,330,360,370,410,450,460,460,460,460,460,133,0,340,375.260850375946,281.1005399998976,1078.4442330000275,2128.0
1790896760,10,GET,/items/[id],2.200000,0.000000,310,320,360,360,390,430,440,440,440,440,440,96,0,310,364.8891490416304,256.5124279999509,1078.5027970000556,42.552083333333336
1790896760,10,,Aggregated,5.800000,0.000000,310,330,340,360,390,430,450,460,460,460,460,282,0,320,364.8813385248102,256.5124279999509,1078.5027970000556,1030.8333333333333
1790896761,10,GET,/,0.500000,0.000000,300,330,340,340,360,360,360,360,360,360,360,23,0,300,325.3608156521849,264.2931589998625,608.842929000275,100.6086956521739
1790896761,10,GET,/cpu,0.400000,0.000000,290,300,300,310,310,310,310,310,310,310,310,32,0,320,346.8286354687109,275.50651199999265,730.243382000026,46.0
1790896761,10,GET,/items,3.000000,0.000000,320,340,370,370,410,450,460,460,460,460,460,136,0,340,374.51012028676985,281.1005399998976,1078.4442330000275,2128.0
1790896761,10,GET,/items/[id],2.500000,0.000000,310,330,360,360,390,430,440,440,440,440,440,97,0,310,364.5511832061491,256.5124279999509,1078.5027970000556,42.55670103092783
1790896761,10,,Aggregated,6.400000,0.000000,310,330,340,360,390,430,450,460,460,460,460,288,0,320,364.1550563367921,256.5124279999509,1078.5027970000556,1032.3680555555557
1790896762,10,GET,/,0.500000,0.000000,300,330,340,340,360,360,360,360,360,360,360,25,0,300,325.06141288000435,264.2931589998625,608.842929000275,100.64
1790896762,10,GET,/cpu,0.400000,0.000000,290,290,300,300,310,310,310,310,310,310,310,33,0,320,344.8977995757091,275.50651199999265,730.243382000026,46.0
1790896762,10,GET,/items,3.000000,0.000000,330,340,370,390,410,450,460,460,460,460,460,139,0,330,373.9111716402921,281.1005399998976,1078.4442330000275,2128.0
1790896762,10,GET,/items/[id],2.500000,0.000000,310,330,360,380,430,440,440,440,440,440,440,97,0,310,364.5511832061491,256.5124279999509,1078.5027970000556,42.55670103092783
1790896762,10,,Aggregated,6.400000,0.000000,320,330,360,360,390,430,450,460,460,460,460,294,0,320,363.41251815304594,256.5124279999509,1078.5027970000556,1033.857142857143
1790896763,10,GET,/,0.700000,0.000000,300,300,340,340,360,360,360,360,360,360,360,26,0,300,323.766717576938,264.2931589998625,608.842929000275,100.65384615384616
1790896763,10,GET,/cpu,0.500000,0.000000,290,290,300,300,310,310,310,310,310,310,310,33,0,320,344.8977995757091,275.50651199999265,730.243382000026,46.0
1790896763,10,GET,/items,3.100000,0.000000,330,330,360,360,390,400,460,460,460,460,460,144,0,330,372.3154147916747,281.1005399998976,1078.4442330000275,2128.0
1790896763,10,GET,/items/[id],2.500000,0.000000,300,320,330,340,390,440,440,440,440,440,440,99,0,310,363.67703520199206,256.5124279999509,1078.5027970000556,42.54545454545455
1790896763,10,,Aggregated,6.800000,0.000000,310,330,340,340,380,390,440,460,460,460,460,302,0,320,362.3079743642288,256.5124279999509,1078.5027970000556,1042.3145695364237
1790896764,10,GET,/,1.000000,0.000000,300,300,340,340,360,360,360,360,360,360,360,26,0,300,323.766717576938,264.2931589998625,608.842929000275,100.65384615384616
1790896764,10,GET,/cpu,0.500000,0.000000,290,300,300,310,310,310,310,310,310,310,310,33,0,320,344.8977995757091,275.50651199999265,730.243382000026,46.0
1790896764,10,GET,/items,3.100000,0.000000,330,330,360,360,390,400,460,460,460,460,460,148,0,330,371.16740695270846,281.1005399998976,1078.4442330000275,2128.0
1790896764,10,GET,/items/[id],2.100000,0.000000,300,330,360,370,390,440,440,440,440,440,440,101,0,310,363.6562828217546,256.5124279999509,1078.5027970000556,42.554455445544555
1790896764,10,,Aggregated,6.700000,0.000000,320,330,340,340,370,390,440,460,460,460,460,308,0,320,361.8883858344052,256.5124279999509,1078.5027970000556,1049.9253246753246
1790896765,10,GET,/,1.100000,0.000000,300,300,340,340,360,360,360,360,360,360,360,26,0,300,323.766717576938,264.2931589998625,608.842929000275,100.65384615384616
1790896765,10,GET,/cpu,0.500000,0.000000,290,300,300,310,310,310,310,310,310,310,310,33,0,320,344.8977995757091,275.50651199999265,730.243382000026,46.0
1790896765,10,GET,/items,3.500000,0.000000,330,330,360,360,390,410,460,460,460,460,460,151,0,330,370.63602473510446,281.1005399998976,1078.4442330000275,2128.0
1790896765,10,GET,/items/[id],2.100000,0.000000,300,330,330,340,370,440,440,440,440,440,440,103,0,310,362.56512228152855,256.5124279999509,1078.5027970000556,42.56310679611651
1790896765,10,,Aggregated,7.200000,0.000000,320,330,340,340,380,400,440,460,460,460,460,313,0,320,361.37319288497423,256.5124279999509,1078.5027970000556,1053.8242811501598
1790896766,10,GET,/,1.100000,0.000000,300,300,340,340,360,360,360,360,360,360,360,27,0,300,323.01194459260944,264.2931589998625,608.842929000275,100.66666666666667
1790896766,10,GET,/cpu,0.500000,0.000000,290,300,300,310,310,310,310,310,310,310,310,33,0,320,344.8977995757091,275.50651199999265,730.243382000026,46.0
1790896766,10,GET,/items,3.500000,0.000000,320,330,360,380,400,410,460,460,460,460,460,155,0,330,369.47679049032934,281.1005399998976,1078.4442330000275,2128.0
1790896766,10,GET,/items/[id],2.100000,0.000000,310,320,330,340,370,440,440,440,440,440,440,105,0,310,361.53136600949523,256.5124279999509,1078.5027970000556,42.55238095238095
1790896766,10,,Aggregated,7.200000,0.000000,310,330,330,340,390,400,440,460,460,460,460,320,0,320,360.4145182718651,256.5124279999509,1078.5027970000556,1057.95
1790896767,10,GET,/,1.000000,0.000000,300,300,340,340,360,360,360,360,360,360,360,27,0,300,323.01194459260944,264.2931589998625,608.842929000275,100.66666666666667
1790896767,10,GET,/cpu,0.500000,0.000000,300,310,380,380,440,440,440,440,440,440,440,35,0,320,348.40935591424306,275.50651199999265,730.243382000026,46.0
1790896767,10,GET,/items,3.400000,0.000000,320,330,360,380,400,410,440,440,440,440,440,158,0,330,369.1526020063347,281.1005399998976,1078.4442330000275,2128.0
1790896767,10,GET,/items/[id],1.900000,0.000000,300,310,330,340,360,370,370,370,370,370,370,106,0,310,360.71822344336755,256.5124279999509,1078.5027970000556,42.556603773584904
1790896767,10,,Aggregated,6.800000,0.000000,310,330,330,360,390,400,440,440,440,440,440,326,0,320,360.3616342423213,256.5124279999509,1078.5027970000556,1058.4754601226994
1790896768,10,GET,/,0.900000,0.000000,300,340,360,360,550,580,580,580,580,580,580,30,0,300,338.5195585666831,264.2931589998625,608.842929000275,100.7
1790896768,10,GET,/cpu,0.500000,0.000000,300,380,380,440,440,440,440,440,440,440,440,35,0,320,348.40935591424306,275.50651199999265,730.243382000026,46.0
1790896768,10,GET,/items,3.400000,0.000000,330,330,370,390,400,410,440,440,440,440,440,160,0,330,368.97533501250444,281.1005399998976,1078.4442330000275,2128.0
1790896768,10,GET,/items/[id],1.700000,0.000000,310,330,340,350,360,370,370,370,370,370,370,107,0,310,360.634813794362,256.5124279999509,1078.5027970000556,42.5607476635514
1790896768,10,,Aggregated,6.500000,0.000000,320,330,360,370,400,440,550,580,580,580,580,332,0,320,361.36714726504937,256.5124279999509,1078.5027970000556,1053.2078313253012
1790896769,10,GET,/,0.900000,0.000000,300,340,360,550,580,580,580,580,580,580,580,30,0,300,338.5195585666831,264.2931589998625,608.842929000275,100.7
1790896769,10,GET,/cpu,0.500000,0.000000,300,300,380,380,440,440,440,440,440,440,440,36,0,320,346.3424296388414,274.00000999978147,730.243382000026,46.0
1790896769,10,GET,/items,3.500000,0.000000,330,340,370,380,400,440,440,440,440,440,440,164,0,330,368.72563872561386,281.1005399998976,1078.4442330000275,2128.0
1790896769,10,GET,/items/[id],1.900000,0.000000,320,330,340,350,360,370,370,370,370,370,370,109,0,310,359.7660909632737,256.5124279999509,1078.5027970000556,42.56880733944954
1790896769,10,,Aggregated,6.800000,0.000000,330,340,360,370,410,440,550,580,580,580,580,339,0,320,360.7947577875995,256.5124279999509,1078.5027970000556,1056.9587020648967
1790896770,10,GET,/,0.900000,0.000000,300,320,340,550,580,580,580,580,580,580,580,32,0,300,335.4971382500196,262.6845790000516,608.842929000275,100.6875
1790896770,10,GET,/cpu,0.700000,0.000000,380,380,440,440,440,440,440,440,440,440,440,36,0,320,346.3424296388414,274.00000999978147,730.243382000026,46.0
1790896770,10,GET,/items,3.400000,0.000000,330,360,380,400,420,440,440,440,440,440,440,169,0,330,368.8867330236692,281.1005399998976,1078.4442330000275,2128.0
1790896770,10,GET,/items/[id],1.900000,0.000000,320,330,340,350,360,370,370,370,370,370,370,109,0,310,359.7660909632737,256.5124279999509,1078.5027970000556,42.56880733944954
1790896770,10,,Aggregated,6.900000,0.000000,330,340,370,380,420,440,550,580,580,580,580,346,0,330,360.57976210114396,256.5124279999509,1078.5027970000556,1066.907514450867
1790896771,10,GET,/,1.100000,0.000000,300,320,550,550,580,580,580,580,580,580,580,33,0,300,333.3775942424478,262.6845790000516,608.842929000275,100.6969696969697
1790896771,10,GET,/cpu,0.600000,0.000000,380,380,440,440,440,440,440,440,440,440,440,36,0,320,346.3424296388414,274.00000999978147,730.243382000026,46.0
1790896771,10,GET,/items,3.400000,0.000000,330,340,360,380,420,440,440,440,440,440,440,174,0,330,366.99527493103744,281.1005399998976,1078.4442330000275,2128.0
1790896771,10,GET,/items/[id],1.500000,0.000000,300,320,340,350,360,370,370,370,370,370,370,112,0,310,357.65163943747365,256.5124279999509,1078.5027970000556,42.55357142857143
1790896771,10,,Aggregated,6.600000,0.000000,320,340,360,370,420,440,550,580,580,580,580,355,0,320,358.82802685069464,256.5124279999509,1078.5027970000556,1070.4704225352114
1790896772,10,GET,/,1.100000,0.000000,300,300,320,550,580,580,580,580,580,580,580,34,0,300,331.7094682353239,262.6845790000516,608.842929000275,100.70588235294117
1790896772,10,GET,/cpu,0.400000,0.000000,360,380,380,440,440,440,440,440,440,440,440,37,0,320,346.8094494864385,274.00000999978147,730.243382000026,46.0
1790896772,10,GET,/items,3.600000,0.000000,330,340,380,400,420,440,440,440,440,440,440,176,0,330,366.8330853068212,281.1005399998976,1078.4442330000275,2128.0
1790896772,10,GET,/items/[id],1.300000,0.000000,300,320,350,350,360,370,370,370,370,370,370,114,0,310,356.99937396488593,256.5124279999509,1078.5027970000556,42.56140350877193
1790896772,10,,Aggregated,6.400000,0.000000,320,340,360,380,420,440,550,580,580,580,580,361,0,320,358.3673772769992,256.5124279999509,1078.5027970000556,1065.1135734072022
1790896773,10,GET,/,1.100000,0.000000,300,300,320,550,580,580,580,580,580,580,580,35,0,300,330.4165784857495,262.6845790000516,608.842929000275,100.71428571428571
1790896773,10,GET,/cpu,0.400000,0.000000,380,380,440,440,440,440,440,440,440,440,440,37,0,320,346.8094494864385,274.00000999978147,730.243382000026,46.0
1790896773,10,GET,/items,3.600000,0.000000,330,340,380,400,420,440,440,440,440,440,440,182,0,330,366.4517448846158,281.1005399998976,1078.4442330000275,2128.0
1790896773,10,GET,/items/[id],1.300000,0.000000,300,310,320,330,350,350,350,350,350,350,350,114,0,310,356.99937396488593,256.5124279999509,1078.5027970000556,42.56140350877193
1790896773,10,,Aggregated,6.400000,0.000000,320,340,360,380,420,440,550,580,580,580,580,368,0,320,358.12140238857745,256.5124279999509,1078.5027970000556,1079.8233695652175
1790896774,10,GET,/,1.000000,0.000000,300,300,320,550,580,580,580,580,580,580,580,36,0,300,329.69868561114407,262.6845790000516,608.842929000275,100.72222222222223
1790896774,10,GET,/cpu,0.400000,0.000000,380,380,440,440,440,440,440,440,440,440,440,37,0,320,346.8094494864385,274.00000999978147,730.243382000026,46.0
1790896774,10,GET,/items,3.900000,0.000000,330,340,370,380,420,440,440,440,440,440,440,186,0,330,365.1605370483856,281.1005399998976,1078.4442330000275,2128.0
1790896774,10,GET,/items/[id],1.500000,0.000000,300,310,350,350,350,360,360,360,360,360,360,115,0,310,357.0323952956246,256.5124279999509,1078.5027970000556,42.56521739130435
1790896774,10,,Aggregated,6.800000,0.000000,320,340,360,370,420,440,550,580,580,580,580,374,0,320,357.4323199545347,256.5124279999509,1078.5027970000556,1085.644385026738
1790896775,10,GET,/,0.800000,0.000000,300,300,320,550,580,580,580,580,580,580,580,36,0,300,329.69868561114407,262.6845790000516,608.842929000275,100.72222222222223
1790896775,10,GET,/cpu,0.400000,0.000000,380,380,440,440,440,440,440,440,440,440,440,37,0,320,346.8094494864385,274.00000999978147,730.243382000026,46.0
1790896775,10,GET,/items,3.700000,0.000000,330,340,370,380,420,440,440,440,440,440,440,189,0,330,364.82496293121335,281.1005399998976,1078.4442330000275,2128.0
1790896775,10,GET,/items/[id],1.700000,0.000000,300,320,350,350,360,360,360,360,360,360,360,115,0,310,357.0323952956246,256.5124279999509,1078.5027970000556,42.56521739130435
1790896775,10,,Aggregated,6.600000,0.000000,330,340,360,370,420,440,550,580,580,580,580,377,0,320,357.3255855861952,256.5124279999509,1078.5027970000556,1093.9389920424403
1790896776,10,GET,/,1.000000,0.000000,300,310,320,550,580,580,580,580,580,580,580,37,0,300,329.1536660811142,262.6845790000516,608.842929000275,100.72972972972973
1790896776,10,GET,/cpu,0.400000,0.000000,380,380,440,440,540,540,540,540,540,540,540,39,0,320,350.77953192301675,274.00000999978147,730.243382000026,46.0
1790896776,10,GET,/items,4.000000,0.000000,330,350,370,380,400,420,440,440,440,440,440,194,0,330,364.4223370927802,281.1005399998976,1078.4442330000275,2128.0
1790896776,10,GET,/items/[id],1.400000,0.000000,320,340,350,350,350,360,360,360,360,360,360,117,0,310,356.7751362991144,256.5124279999509,1078.5027970000556,42.572649572649574
1790896776,10,,Aggregated,6.800000,0.000000,330,340,360,370,400,440,550,580,580,580,580,387,0,320,357.3635962092886,256.5124279999509,1078.5027970000556,1093.8863049095607
1790896777,10,GET,/,1.000000,0.000000,300,320,340,340,550,580,580,580,580,580,580,38,0,300,329.32355178950513,262.6845790000516,608.842929000275,100.73684210526316
1790896777,10,GET,/cpu,0.400000,0.000000,320,360,360,540,540,540,540,540,540,540,540,40,0,320,349.9353719249484,274.00000999978147,730.243382000026,46.0
1790896777,10,GET,/items,3.900000,0.000000,330,360,380,380,420,430,440,440,440,440,440,196,0,330,364.8125769795884,281.1005399998976,1078.4442330000275,2128.0
1790896777,10,GET,/items/[id],1.200000,0.000000,320,340,350,350,360,370,370,370,370,370,370,118,0,310,356.86605450844627,256.5124279999509,1078.5027970000556,42.57627118644068
1790896777,10,,Aggregated,6.500000,0.000000,330,340,360,370,400,430,440,540,540,540,540,392,0,330,357.4621667474367,256.5124279999509,1078.5027970000556,1091.2755102040817
1790896778,10,GET,/,1.000000,0.000000,300,310,320,320,340,340,340,340,340,340,340,38,0,300,329.32355178950513,262.6845790000516,608.842929000275,100.73684210526316
1790896778,10,GET,/cpu,0.400000,0.000000,340,340,360,360,540,540,540,540,540,540,540,41,0,320,349.5876566828706,274.00000999978147,730.243382000026,46.0
1790896778,10,GET,/items,3.900000,0.000000,330,370,370,380,400,420,430,430,430,430,430,199,0,330,364.24566282913975,281.1005399998976,1078.4442330000275,2128.0
1790896778,10,GET,/items/[id],1.200000,0.000000,320,340,350,350,360,370,370,370,370,370,370,119,0,310,356.3203118907277,256.5124279999509,1078.5027970000556,42.563025210084035
1790896778,10,,Aggregated,6.500000,0.000000,330,340,360,370,400,420,430,540,540,540,540,397,0,330,357.01358415615704,256.5124279999509,1078.5027970000556,1093.831234256927
1790896779,10,GET,/,1.100000,0.000000,300,300,310,310,340,340,340,340,340,340,340,38,0,300,329.32355178950513,262.6845790000516,608.842929000275,100.73684210526316
1790896779,10,GET,/cpu,0.400000,0.000000,340,340,360,360,540,540,540,540,540,540,540,42,0,330,349.1421914285248,274.00000999978147,730.243382000026,46.0
1790896779,10,GET,/items,3.800000,0.000000,330,350,370,370,400,400,430,430,430,430,430,207,0,330,362.9744199613479,281.1005399998976,1078.4442330000275,2128.0
1790896779,10,GET,/items/[id],1.200000,0.000000,340,340,350,360,370,370,370,370,370,370,370,119,0,310,356.3203118907277,256.5124279999509,1078.5027970000556,42.563025210084035
1790896779,10,,Aggregated,6.500000,0.000000,330,340,360,370,390,400,430,540,540,540,540,406,0,330,356.4435691009727,256.5124279999509,1078.5027970000556,1111.628078817734
1790896780,10,GET,/,0.800000,0.000000,300,310,320,320,340,340,340,340,340,340,340,40,0,300,328.49381185003494,262.6845790000516,608.842929000275,100.75
1790896780,10,GET,/cpu,0.600000,0.000000,340,340,360,360,540,540,540,540,540,540,540,42,0,330,349.1421914285248,274.00000999978147,730.243382000026,46.0
1790896780,10,GET,/items,3.900000,0.000000,330,350,370,370,400,400,430,430,430,430,430,209,0,330,362.37591750238886,281.1005399998976,1078.4442330000275,2128.0
1790896780,10,GET,/items/[id],1.200000,0.000000,340,340,350,360,370,370,370,370,370,370,370,121,0,310,355.12986721485214,256.5124279999509,1078.5027970000556,42.570247933884296
1790896780,10,,Aggregated,6.500000,0.000000,330,340,360,370,390,400,430,540,540,540,540,412,0,320,355.60923593445614,256.5124279999509,1078.5027970000556,1106.4684466019417
1790896781,10,GET,/,0.800000,0.000000,300,310,320,320,340,340,340,340,340,340,340,40,0,300,328.49381185003494,262.6845790000516,608.842929000275,100.75
1790896781,10,GET,/cpu,0.600000,0.000000,340,340,360,360,540,540,540,540,540,540,540,42,0,330,349.1421914285248,274.00000999978147,730.243382000026,46.0
1790896781,10,GET,/items,3.900000,0.000000,330,340,370,370,390,400,430,430,430,430,430,212,0,330,361.54448580659704,281.1005399998976,1078.4442330000275,2128.0
1790896781,10,GET,/items/[id],1.200000,0.000000,340,350,360,360,370,380,380,380,380,380,380,123,0,310,354.70856158534343,256.5124279999509,1078.5027970000556,42.577235772357724
1790896781,10,,Aggregated,6.500000,0.000000,320,340,360,370,380,400,430,540,540,540,540,417,0,320,355.1086536690535,256.5124279999509,1078.5027970000556,1108.717026378897
1790896782,10,GET,/,0.800000,0.000000,310,310,320,320,340,340,340,340,340,340,340,41,0,300,327.7279045122247,262.6845790000516,608.842929000275,100.7560975609756
1790896782,10,GET,/cpu,0.600000,0.000000,340,340,360,360,540,540,540,540,540,540,540,42,0,330,349.1421914285248,274.00000999978147,730.243382000026,46.0
1790896782,10,GET,/items,3.900000,0.000000,320,330,350,370,380,400,430,430,430,430,430,217,0,330,360.26285085713175,281.1005399998976,1078.4442330000275,2128.0
1790896782,10,GET,/items/[id],1.000000,0.000000,310,340,360,360,370,380,380,380,380,380,380,125,0,310,353.743891191978,256.5124279999509,1078.5027970000556,42.584
1790896782,10,,Aggregated,6.300000,0.000000,320,330,340,360,380,400,430,540,540,540,540,425,0,320,354.10786155292743,256.5124279999509,1078.5027970000556,1113.3223529411764
1790896783,10,GET,/,0.800000,0.000000,310,310,320,320,340,340,340,340,340,340,340,41,0,300,327.7279045122247,262.6845790000516,608.842929000275,100.7560975609756
1790896783,10,GET,/cpu,0.600000,0.000000,330,330,340,340,540,540,540,540,540,540,540,43,0,320,347.91126799995635,274.00000999978147,730.243382000026,46.0
1790896783,10,GET,/items,3.900000,0.000000,320,340,370,370,380,400,430,430,430,430,430,219,0,330,360.0577619543266,281.1005399998976,1078.4442330000275,2128.0
1790896783,10,GET,/items/[id],1.200000,0.000000,310,340,340,360,370,380,380,380,380,380,380,128,0,310,352.5080714765423,256.5124279999509,1078.5027970000556,42.578125
1790896783,10,,Aggregated,6.500000,0.000000,320,340,340,370,380,400,430,540,540,540,540,431,0,320,353.5283332389659,256.5124279999509,1078.5027970000556,1108.0997679814386
1790896784,10,GET,/,0.800000,0.000000,310,320,320,340,340,340,340,340,340,340,340,41,0,300,327.7279045122247,262.6845790000516,608.842929000275,100.7560975609756
1790896784,10,GET,/cpu,0.500000,0.000000,310,320,330,340,540,540,540,540,540,540,540,46,0,320,344.50363030431737,274.00000999978147,730.243382000026,46.0
1790896784,10,GET,/items,4.100000,0.000000,320,330,350,370,380,400,430,430,430,430,430,222,0,330,359.185316540528,279.3865909998203,1078.4442330000275,2128.0
1790896784,10,GET,/items/[id],1.100000,0.000000,300,320,340,340,370,380,380,380,380,380,380,130,0,310,351.58584209228553,256.5124279999509,1078.5027970000556,42.58461538461538
1790896784,10,,Aggregated,6.500000,0.000000,310,330,340,340,380,390,430,540,540,540,540,439,0,320,352.4585667949753,256.5124279999509,1078.5027970000556,1102.9589977220958
1790896785,10,GET,/,0.600000,0.000000,300,300,320,320,340,340,340,340,340,340,340,43,0,300,325.9650393256168,262.6845790000516,608.842929000275,100.76744186046511
1790896785,10,GET,/cpu,0.600000,0.000000,310,320,330,340,540,540,540,540,540,540,540,46,0,320,344.50363030431737,274.00000999978147,730.243382000026,46.0
1790896785,10,GET,/items,3.700000,0.000000,310,320,330,370,380,400,430,430,430,430,430,227,0,330,357.827035308359,279.3865909998203,1078.4442330000275,2128.0
1790896785,10,GET,/items/[id],1.400000,0.000000,290,310,320,340,370,380,380,380,380,380,380,131,0,310,351.1420130457806,256.5124279999509,1078.5027970000556,42.587786259541986
1790896785,10,,Aggregated,6.300000,0.000000,300,320,330,340,370,380,400,430,430,430,430,447,0,320,351.4317772013307,256.5124279999509,1078.5027970000556,1107.5704697986578
1790896786,10,GET,/,0.500000,0.000000,300,300,320,320,340,340,340,340,340,340,340,43,0,300,325.9650393256168,262.6845790000516,608.842929000275,100.76744186046511
1790896786,10,GET,/cpu,0.800000,0.000000,310,320,330,330,340,340,340,340,340,340,340,46,0,320,344.50363030431737,274.00000999978147,730.243382000026,46.0
1790896786,10,GET,/items,3.600000,0.000000,300,320,330,340,370,380,400,400,400,400,400,230,0,330,357.5208153695533,279.3865909998203,1078.4442330000275,2128.0
1790896786,10,GET,/items/[id],1.500000,0.000000,290,290,310,320,340,380,380,380,380,380,380,133,0,310,350.1289296465977,256.5124279999509,1078.5027970000556,42.57142857142857
1790896786,10,,Aggregated,6.400000,0.000000,300,320,320,330,360,370,380,400,400,400,400,452,0,320,351.0190240331744,256.5124279999509,1078.5027970000556,1109.6261061946902
1790896787,10,GET,/,0.600000,0.000000,300,300,300,320,320,320,320,320,320,320,320,43,0,300,325.9650393256168,262.6845790000516,608.842929000275,100.76744186046511
1790896787,10,GET,/cpu,0.900000,0.000000,290,300,310,310,330,330,330,330,330,330,330,48,0,320,341.41811524996984,267.7007960000992,730.243382000026,46.0
1790896787,10,GET,/items,3.600000,0.000000,300,320,330,330,370,380,400,400,400,400,400,231,0,330,357.3665810779097,279.3865909998203,1078.4442330000275,2128.0
1790896787,10,GET,/items/[id],1.500000,0.000000,290,300,310,320,350,380,380,380,380,380,380,137,0,310,348.77355802917964,256.5124279999509,1078.5027970000556,42.56934306569343
1790896787,10,,Aggregated,6.600000,0.000000,300,310,320,320,350,370,380,400,400,400,400,459,0,320,350.19220893680773,256.5124279999509,1078.5027970000556,1097.9106753812637
1790896788,10,GET,/,0.600000,0.000000,300,300,300,320,320,320,320,320,320,320,320,43,0,300,325.9650393256168,262.6845790000516,608.842929000275,100.76744186046511
1790896788,10,GET,/cpu,0.700000,0.000000,290,300,310,310,330,330,330,330,330,330,330,48,0,320,341.41811524996984,267.7007960000992,730.243382000026,46.0
1790896788,10,GET,/items,3.600000,0.000000,310,320,320,360,370,380,400,400,400,400,400,236,0,330,356.8974566821926,279.3865909998203,1078.4442330000275,2128.0
1790896788,10,GET,/items/[id],1.600000,0.000000,290,300,310,320,350,380,380,380,380,380,380,138,0,310,348.3419235217232,256.5124279999509,1078.5027970000556,42.572463768115945
1790896788,10,,Aggregated,6.500000,0.000000,300,310,320,320,370,380,380,400,400,400,400,465,0,320,349.900110636549,256.5124279999509,1078.5027970000556,1106.7182795698925
1790896789,10,GET,/,0.600000,0.000000,300,300,300,300,320,320,320,320,320,320,320,44,0,300,324.5779797273062,262.6845790000516,608.842929000275,100.75
1790896789,10,GET,/cpu,0.700000,0.000000,300,310,330,330,330,330,330,330,330,330,330,49,0,320,341.088523244865,267.7007960000992,730.243382000026,46.0
1790896789,10,GET,/items,3.600000,0.000000,300,310,320,330,370,380,380,380,380,380,380,239,0,330,356.26007745187167,279.3865909998203,1078.4442330000275,2128.0
1790896789,10,GET,/items/[id],1.600000,0.000000,290,300,320,320,350,380,380,380,380,380,380,140,0,310,347.77210275712736,256.5124279999509,1078.5027970000556,42.57857142857143
1790896789,10,,Aggregated,6.500000,0.000000,300,310,320,320,350,370,380,380,380,380,380,472,0,320,349.214028906769,256.5124279999509,1078.5027970000556,1104.322033898305
1790896790,10,GET,/,0.500000,0.000000,290,290,300,300,300,300,300,300,300,300,300,44,0,300,324.5779797273062,262.6845790000516,608.842929000275,100.75
1790896790,10,GET,/cpu,0.700000,0.000000,290,300,310,310,330,330,330,330,330,330,330,49,0,320,341.088523244865,267.7007960000992,730.243382000026,46.0
1790896790,10,GET,/items,3.500000,0.000000,310,320,330,360,370,380,380,380,380,380,380,242,0,330,355.9023045743701,279.3865909998203,1078.4442330000275,2128.0
1790896790,10,GET,/items/[id],1.900000,0.000000,290,300,310,320,340,350,350,350,350,350,350,143,0,310,346.3943877202653,253.69768499967904,1078.5027970000556,42.56643356643357
1790896790,10,,Aggregated,6.600000,0.000000,300,310,320,320,350,370,380,380,380,380,380,478,0,320,348.65590773639184,253.69768499967904,1078.5027970000556,1104.0794979079499
1790896791,10,GET,/,0.600000,0.000000,290,290,300,300,300,300,300,300,300,300,300,44,0,300,324.5779797273062,262.6845790000516,608.842929000275,100.75
1790896791,10,GET,/cpu,0.700000,0.000000,290,300,310,310,330,330,330,330,330,330,330,49,0,320,341.088523244865,267.7007960000992,730.243382000026,46.0
1790896791,10,GET,/items,3.600000,0.000000,310,320,330,370,380,380,470,470,470,470,470,246,0,330,355.7781909512099,279.3865909998203,1078.4442330000275,2128.0
1790896791,10,GET,/items/[id],2.100000,0.000000,290,300,310,320,340,350,360,360,360,360,360,147,0,310,345.0374409183521,253.69768499967904,1078.5027970000556,42.54421768707483
1790896791,10,,Aggregated,7.000000,0.000000,300,310,320,320,360,370,380,470,470,470,470,486,0,320,348.2236780576033,253.69768499967904,1078.5027970000556,1103.7633744855966
1790896792,10,GET,/,0.400000,0.000000,290,290,290,290,290,290,290,290,290,290,290,44,0,300,324.5779797273062,262.6845790000516,608.842929000275,100.75
1790896792,10,GET,/cpu,0.700000,0.000000,290,290,310,310,330,330,330,330,330,330,330,49,0,320,341.088523244865,267.7007960000992,730.243382000026,46.0
1790896792,10,GET,/items,3.300000,0.000000,310,320,320,360,370,380,470,470,470,470,470,248,0,330,355.24025426611985,279.3865909998203,1078.4442330000275,2128.0
1790896792,10,GET,/items/[id],2.200000,0.000000,290,300,320,320,350,360,360,360,360,360,360,148,0,310,344.85968012836264,253.69768499967904,1078.5027970000556,42.5472972972973
1790896792,10,,Aggregated,6.600000,0.000000,300,310,320,320,360,370,380,470,470,470,470,489,0,320,347.92144062166705,253.69768499967904,1078.5027970000556,1105.7832310838446
1790896793,10,GET,/,0.400000,0.000000,290,290,290,290,290,290,290,290,290,290,290,44,0,300,324.5779797273062,262.6845790000516,608.842929000275,100.75
1790896793,10,GET,/cpu,0.700000,0.000000,320,330,340,340,350,350,350,350,350,350,350,52,0,320,340.7067482114948,267.7007960000992,730.243382000026,46.0
1790896793,10,GET,/items,3.300000,0.000000,310,320,340,360,370,380,470,470,470,470,470,250,0,330,354.9790285599919,279.3865909998203,1078.4442330000275,2128.0
1790896793,10,GET,/items/[id],2.200000,0.000000,290,310,320,320,350,360,780,780,780,780,780,151,0,310,347.22213440396234,253.69768499967904,1078.5027970000556,42.5364238410596
1790896793,10,,Aggregated,6.600000,0.000000,300,320,320,340,370,380,470,780,780,780,780,497,0,320,348.4375884305743,253.69768499967904,1078.5027970000556,1097.0784708249496
1790896794,10,GET,/,0.300000,0.000000,340,340,920,920,920,920,920,920,920,920,920,46,0,300,337.74954519568064,262.6845790000516,918.2327879998411,100.76086956521739
1790896794,10,GET,/cpu,0.700000,0.000000,320,330,340,340,350,350,350,350,350,350,350,52,0,320,340.7067482114948,267.7007960000992,730.243382000026,46.0
1790896794,10,GET,/items,3.000000,0.000000,320,340,360,370,380,450,470,470,470,470,470,253,0,330,355.319417814222,279.3865909998203,1078.4442330000275,2128.0
1790896794,10,GET,/items/[id],2.300000,0.000000,300,310,320,320,360,640,780,780,780,780,780,152,0,310,349.12496565788405,253.69768499967904,1078.5027970000556,42.53947368421053
1790896794,10,,Aggregated,6.300000,0.000000,310,320,350,350,380,640,780,920,920,920,920,503,0,320,350.33009437971276,253.69768499967904,1078.5027970000556,1097.1709741550696
1790896795,10,GET,/,0.300000,0.000000,340,340,920,920,920,920,920,920,920,920,920,46,0,300,337.74954519568064,262.6845790000516,918.2327879998411,100.76086956521739
1790896795,10,GET,/cpu,0.900000,0.000000,330,330,340,340,350,350,350,350,350,350,350,52,0,320,340.7067482114948,267.7007960000992,730.243382000026,46.0
1790896795,10,GET,/items,3.100000,0.000000,330,370,380,420,450,470,510,510,510,510,510,257,0,330,356.7711125836499,279.3865909998203,1078.4442330000275,2128.0
1790896795,10,GET,/items/[id],2.300000,0.000000,300,320,320,350,640,770,780,780,780,780,780,156,0,310,350.86351086537303,253.69768499967904,1078.5027970000556,42.51923076923077
1790896795,10,,Aggregated,6.600000,0.000000,320,340,360,370,470,770,780,920,920,920,920,511,0,320,351.62057458903166,253.69768499967904,1078.5027970000556,1096.9784735812134
1790896796,10,GET,/,0.400000,0.000000,340,340,920,920,920,920,920,920,920,920,920,46,0,300,337.74954519568064,262.6845790000516,918.2327879998411,100.76086956521739
1790896796,10,GET,/cpu,0.700000,0.000000,330,340,350,350,450,450,450,450,450,450,450,53,0,320,342.77789688675045,267.7007960000992,730.243382000026,46.0
1790896796,10,GET,/items,3.000000,0.000000,330,370,430,440,470,490,510,510,510,510,510,261,0,330,357.8571354942438,279.3865909998203,1078.4442330000275,2128.0
1790896796,10,GET,/items/[id],2.100000,0.000000,310,320,320,340,640,770,780,780,780,780,780,158,0,310,350.62826099999,253.69768499967904,1078.5027970000556,42.5253164556962
1790896796,10,,Aggregated,6.200000,0.000000,320,350,380,440,490,770,780,920,920,920,920,518,0,320,352.3237166331951,253.69768499967904,1078.5027970000556,1098.8416988416989
1790896797,10,GET,/,0.400000,0.000000,340,340,920,920,920,920,920,920,920,920,920,46,0,300,337.74954519568064,262.6845790000516,918.2327879998411,100.76086956521739
1790896797,10,GET,/cpu,0.600000,0.000000,370,450,480,480,520,520,520,520,520,520,520,56,0,330,348.8049239821131,267.7007960000992,730.243382000026,46.0
1790896797,10,GET,/items,3.100000,0.000000,350,420,430,450,470,490,510,510,510,510,510,263,0,330,358.2391661977104,279.3865909998203,1078.4442330000275,2128.0
1790896797,10,GET,/items/[id],2.400000,0.000000,310,320,320,340,640,770,780,780,780,780,780,159,0,310,350.30164476728606,253.69768499967904,1078.5027970000556,42.515723270440255
1790896797,10,,Aggregated,6.500000,0.000000,330,370,420,450,490,640,780,920,920,920,920,524,0,320,353.02369666029756,253.69768499967904,1078.5027970000556,1094.723282442748
1790896798,10,GET,/,0.300000,0.000000,380,380,920,920,920,920,920,920,920,920,920,47,0,300,338.6247434468327,262.6845790000516,918.2327879998411,100.76595744680851
1790896798,10,GET,/cpu,0.700000,0.000000,390,400,450,480,520,520,520,520,520,520,520,58,0,330,350.3438573275554,267.7007960000992,730.243382000026,46.0
1790896798,10,GET,/items,2.900000,0.000000,370,430,440,460,470,490,510,510,510,510,510,264,0,330,358.5361562386286,279.3865909998203,1078.4442330000275,2128.0
1790896798,10,GET,/items/[id],2.400000,0.000000,310,320,340,360,770,780,780,780,780,780,780,159,0,310,350.30164476728606,253.69768499967904,1078.5027970000556,42.515723270440255
1790896798,10,,Aggregated,6.300000,0.000000,350,400,440,450,510,770,780,920,920,920,920,528,0,320,353.3841163484767,253.69768499967904,1078.5027970000556,1090.8257575757575
1790896799,10,GET,/,0.300000,0.000000,380,380,920,920,920,920,920,920,920,920,920,47,0,300,338.6247434468327,262.6845790000516,918.2327879998411,100.76595744680851
1790896799,10,GET,/cpu,0.800000,0.000000,390,400,450,480,520,520,520,520,520,520,520,58,0,330,350.3438573275554,267.7007960000992,730.243382000026,46.0
1790896799,10,GET,/items,3.200000,0.000000,400,430,450,460,480,490,510,510,510,510,510,269,0,330,358.9167889628196,279.3865909998203,1078.4442330000275,2128.0
1790896799,10,GET,/items/[id],2.200000,0.000000,320,320,360,400,770,780,780,780,780,780,780,161,0,310,350.42520242235116,253.69768499967904,1078.5027970000556,42.52173913043478
1790896799,10,,Aggregated,6.500000,0.000000,360,410,440,460,510,770,780,920,920,920,920,535,0,320,353.6493093233576,253.69768499967904,1078.5027970000556,1096.6018691588786
1790896800,10,GET,/,0.400000,0.000000,380,380,920,920,920,920,920,920,920,920,920,47,0,300,338.6247434468327,262.6845790000516,918.2327879998411,100.76595744680851
1790896800,10,GET,/cpu,1.000000,0.000000,390,400,450,480,520,520,520,520,520,520,520,59,0,330,348.9738857457284,267.7007960000992,730.243382000026,46.0
1790896800,10,GET,/items,2.900000,0.000000,410,440,460,460,480,490,510,510,510,510,510,273,0,330,359.0889935860767,279.3865909998203,1078.4442330000275,2128.0
1790896800,10,GET,/items/[id],2.100000,0.000000,320,350,400,400,770,780,780,780,780,780,780,162,0,310,350.4449155493744,253.69768499967904,1078.5027970000556,42.52469135802469
1790896800,10,,Aggregated,6.400000,0.000000,360,420,450,460,510,770,780,920,920,920,920,541,0,320,353.61958182809,253.69768499967904,1078.5027970000556,1100.3382624768947
1790896801,10,GET,/,0.300000,0.000000,380,380,920,920,920,920,920,920,920,920,920,47,0,300,338.6247434468327,262.6845790000516,918.2327879998411,100.76595744680851
1790896801,10,GET,/cpu,0.900000,0.000000,390,400,450,480,520,520,520,520,520,520,520,59,0,330,348.9738857457284,267.7007960000992,730.243382000026,46.0
1790896801,10,GET,/items,3.000000,0.000000,410,440,460,460,480,490,510,510,510,510,510,275,0,330,359.27065365454166,279.3865909998203,1078.4442330000275,2128.0
1790896801,10,GET,/items/[id],2.000000,0.000000,320,350,400,640,770,780,780,780,780,780,780,166,0,310,352.02600453613667,253.69768499967904,1078.5027970000556,42.536144578313255
1790896801,10,,Aggregated,6.200000,0.000000,360,420,450,460,520,770,780,920,920,920,920,547,0,320,354.1875113509995,253.69768499967904,1078.5027970000556,1096.363802559415
1790896802,10,GET,/,0.300000,0.000000,380,380,920,920,920,920,920,920,920,920,920,47,0,300,338.6247434468327,262.6845790000516,918.2327879998411,100.76595744680851
1790896802,10,GET,/cpu,0.900000,0.000000,390,400,450,480,520,520,520,520,520,520,520,59,0,330,348.9738857457284,267.7007960000992,730.243382000026,46.0
1790896802,10,GET,/items,2.900000,0.000000,400,430,450,460,470,490,510,510,510,510,510,281,0,330,359.0123884163665,279.3865909998203,1078.4442330000275,2128.0
1790896802,10,GET,/items/[id],1.900000,0.000000,320,350,400,640,770,780,780,780,780,780,780,166,0,310,352.02600453613667,253.69768499967904,1078.5027970000556,42.536144578313255
1790896802,10,,Aggregated,6.000000,0.000000,380,420,450,460,510,740,770,920,920,920,920,553,0,320,354.1114287504462,253.69768499967904,1078.5027970000556,1107.5569620253164
1790896803,10,GET,/,0.300000,0.000000,920,920,920,920,920,920,920,920,920,920,920,47,0,300,338.6247434468327,262.6845790000516,918.2327879998411,100.76595744680851
1790896803,10,GET,/cpu,0.900000,0.000000,400,450,480,480,520,520,520,520,520,520,520,59,0,330,348.9738857457284,267.7007960000992,730.243382000026,46.0
1790896803,10,GET,/items,2.900000,0.000000,400,420,440,460,470,490,510,510,510,510,510,283,0,330,359.04642893639357,279.3865909998203,1078.4442330000275,2128.0
1790896803,10,GET,/items/[id],1.900000,0.000000,320,350,400,400,740,770,770,770,770,770,770,167,0,310,351.64649589220767,253.69768499967904,1078.5027970000556,42.52095808383233
1790896803,10,,Aggregated,6.000000,0.000000,380,410,450,460,510,740,770,920,920,920,920,556,0,320,354.0286446115057,253.69768499967904,1078.5027970000556,1109.3075539568345
1790896804,10,GET,/,0.300000,0.000000,460,460,920,920,920,920,920,920,920,920,920,48,0,300,341.19813445835234,262.6845790000516,918.2327879998411,100.77083333333333
1790896804,10,GET,/cpu,1.000000,0.000000,400,420,450,480,520,520,520,520,520,520,520,62,0,330,350.33604480642475,267.7007960000992,730.243382000026,46.0
1790896804,10,GET,/items,3.100000,0.000000,380,410,440,460,470,480,490,490,490,490,490,284,0,330,358.8478978873212,279.3865909998203,1078.4442330000275,2128.0
1790896804,10,GET,/items/[id],1.800000,0.000000,320,320,340,350,400,740,740,740,740,740,740,172,0,310,350.1810558255747,253.69768499967904,1078.5027970000556,42.51744186046512
1790896804,10,,Aggregated,6.200000,0.000000,360,400,420,440,470,490,520,740,740,740,740,566,0,320,353.78496437101995,253.69768499967904,1078.5027970000556,1094.2650176678446
1790896805,10,GET,/,0.300000,0.000000,460,460,460,460,460,460,460,460,460,460,460,48,0,300,341.19813445835234,262.6845790000516,918.2327879998411,100.77083333333333
1790896805,10,GET,/cpu,0.700000,0.000000,390,400,420,480,520,520,520,520,520,520,520,62,0,330,350.33604480642475,267.7007960000992,730.243382000026,46.0
1790896805,10,GET,/items,3.300000,0.000000,370,400,420,440,460,480,490,490,490,490,490,285,0,330,358.85936154736544,279.3865909998203,1078.4442330000275,2128.0
1790896805,10,GET,/items/[id],1.600000,0.000000,320,330,340,350,400,740,740,740,740,740,740,176,0,310,349.19564614772406,253.69768499967904,1078.5027970000556,42.52840909090909
1790896805,10,,Aggregated,5.900000,0.000000,350,390,400,420,460,490,520,740,740,740,740,571,0,320,353.4705726707492,253.69768499967904,1078.5027970000556,1088.7110332749562
1790896806,10,GET,/,0.300000,0.000000,460,460,460,460,460,460,460,460,460,460,460,48,0,300,341.19813445835234,262.6845790000516,918.2327879998411,100.77083333333333
1790896806,10,GET,/cpu,0.700000,0.000000,390,390,400,400,420,420,420,420,420,420,420,62,0,330,350.33604480642475,267.7007960000992,730.243382000026,46.0
1790896806,10,GET,/items,3.300000,0.000000,360,380,400,410,460,460,480,480,480,480,480,287,0,330,358.8180312264774,279.3865909998203,1078.4442330000275,2128.0
1790896806,10,GET,/items/[id],1.600000,0.000000,320,330,340,340,360,400,740,740,740,740,740,178,0,310,348.8933971741543,253.69768499967904,1078.5027970000556,42.53370786516854
1790896806,10,,Aggregated,5.900000,0.000000,340,370,400,400,440,460,480,740,740,740,740,575,0,320,353.3602519843438,253.69768499967904,1078.5027970000556,1088.688695652174
1790896807,10,GET,/,0.200000,0.000000,290,380,380,460,460,460,460,460,460,460,460,51,0,300,337.5135503137351,262.6845790000516,918.2327879998411,100.7843137254902
1790896807,10,GET,/cpu,1.000000,0.000000,390,390,400,400,420,420,420,420,420,420,420,62,0,330,350.33604480642475,267.7007960000992,730.243382000026,46.0
1790896807,10,GET,/items,2.900000,0.000000,350,370,400,400,460,460,480,480,480,480,480,290,0,330,358.2030369724116,279.3865909998203,1078.4442330000275,2128.0
1790896807,10,GET,/items/[id],2.100000,0.000000,320,330,340,340,360,400,740,740,740,740,740,181,0,310,348.4049240828728,253.69768499967904,1078.5027970000556,42.5414364640884
1790896807,10,,Aggregated,6.200000,0.000000,320,350,370,390,440,460,480,740,740,740,740,584,0,320,352.5243113441749,253.69768499967904,1078.5027970000556,1083.5821917808219
1790896808,10,GET,/,0.200000,0.000000,320,340,380,380,460,460,460,460,460,460,460,54,0,300,336.06611385184976,262.6845790000516,918.2327879998411,100.74074074074075
1790896808,10,GET,/cpu,0.900000,0.000000,390,390,420,420,420,420,420,420,420,420,420,62,0,330,350.33604480642475,267.7007960000992,730.243382000026,46.0
1790896808,10,GET,/items,2.900000,0.000000,330,360,370,380,400,460,460,460,460,460,460,291,0,330,357.993352460478,279.3865909998203,1078.4442330000275,2128.0
1790896808,10,GET,/items/[id],2.100000,0.000000,320,330,340,340,360,400,740,740,740,740,740,182,0,310,348.2206907252766,253.69768499967904,1078.5027970000556,42.543956043956044
1790896808,10,,Aggregated,6.100000,0.000000,320,340,360,370,400,460,460,740,740,740,740,589,0,320,352.15727708658346,253.69768499967904,1078.5027970000556,1078.578947368421
1790896809,10,GET,/,0.200000,0.000000,320,340,350,380,460,460,460,460,460,460,460,55,0,300,336.30124912727047,262.6845790000516,918.2327879998411,100.72727272727273
1790896809,10,GET,/cpu,0.900000,0.000000,340,340,390,390,420,420,420,420,420,420,420,64,0,330,349.86974845309504,267.7007960000992,730.243382000026,46.0
1790896809,10,GET,/items,2.900000,0.000000,330,360,370,380,400,460,460,460,460,460,460,293,0,330,357.55047147098577,277.8154369998447,1078.4442330000275,2128.0
1790896809,10,GET,/items/[id],2.100000,0.000000,310,320,330,330,340,360,740,740,740,740,740,183,0,310,348.10970197814333,253.69768499967904,1078.5027970000556,42.54644808743169
1790896809,10,,Aggregated,6.100000,0.000000,320,340,350,360,400,460,460,740,740,740,740,595,0,320,351.85646421175966,253.69768499967904,1078.5027970000556,1075.2504201680672
1790896810,10,GET,/,0.600000,0.000000,320,340,350,350,460,460,460,460,460,460,460,55,0,300,336.30124912727047,262.6845790000516,918.2327879998411,100.72727272727273
1790896810,10,GET,/cpu,0.400000,0.000000,330,340,390,390,420,420,420,420,420,420,420,65,0,330,349.0596094615075,267.7007960000992,730.243382000026,46.0
1790896810,10,GET,/items,2.800000,0.000000,310,330,360,360,370,400,400,400,400,400,400,297,0,330,356.8223243063942,277.8154369998447,1078.4442330000275,2128.0
1790896810,10,GET,/items/[id],2.300000,0.000000,310,320,330,330,340,340,360,360,360,360,360,184,0,310,347.7275559021752,253.69768499967904,1078.5027970000556,42.54891304347826
1790896810,10,,Aggregated,6.100000,0.000000,320,330,340,350,370,400,420,460,460,460,460,601,0,320,351.32037258235806,253.69768499967904,1078.5027970000556,1078.8269550748753
1790896811,10,GET,/,0.800000,0.000000,320,340,350,350,460,460,460,460,460,460,460,55,0,300,336.30124912727047,262.6845790000516,918.2327879998411,100.72727272727273
1790896811,10,GET,/cpu,0.600000,0.000000,340,340,390,390,420,420,420,420,420,420,420,65,0,330,349.0596094615075,267.7007960000992,730.243382000026,46.0
1790896811,10,GET,/items,2.400000,0.000000,310,330,360,360,370,400,430,430,430,430,430,303,0,330,356.49344067986266,277.8154369998447,1078.4442330000275,2128.0
1790896811,10,GET,/items/[id],2.300000,0.000000,310,320,330,330,340,340,340,340,340,340,340,186,0,310,347.3732814462359,253.69768499967904,1078.5027970000556,42.53763440860215
1790896811,10,,Aggregated,6.100000,0.000000,320,330,340,350,370,420,430,460,460,460,460,609,0,320,351.0909461280725,253.69768499967904,1078.5027970000556,1085.7569786535303
1790896812,10,GET,/,0.800000,0.000000,290,320,340,350,460,460,460,460,460,460,460,56,0,300,335.4972734999982,262.6845790000516,918.2327879998411,100.71428571428571
1790896812,10,GET,/cpu,0.700000,0.000000,330,340,390,390,420,420,420,420,420,420,420,66,0,330,348.20734156057205,267.7007960000992,730.243382000026,46.0
1790896812,10,GET,/items,2.500000,0.000000,310,330,350,360,370,400,430,430,430,430,430,307,0,330,355.9403439576507,277.8154369998447,1078.4442330000275,2128.0
1790896812,10,GET,/items/[id],2.200000,0.000000,310,320,330,330,340,340,340,340,340,340,340,188,0,310,346.7074251914885,253.69768499967904,1078.5027970000556,42.54255319148936
1790896812,10,,Aggregated,6.200000,0.000000,310,320,330,340,360,390,430,460,460,460,460,617,0,320,350.44443012965365,253.69768499967904,1078.5027970000556,1085.8508914100487
1790896813,10,GET,/,0.800000,0.000000,290,320,340,350,460,460,460,460,460,460,460,56,0,300,335.4972734999982,262.6845790000516,918.2327879998411,100.71428571428571
1790896813,10,GET,/cpu,0.600000,0.000000,330,340,390,390,420,420,420,420,420,420,420,66,0,330,348.20734156057205,267.7007960000992,730.243382000026,46.0
1790896813,10,GET,/items,2.700000,0.000000,310,320,330,350,360,360,430,430,430,430,430,309,0,330,355.5779194789612,277.8154369998447,1078.4442330000275,2128.0
1790896813,10,GET,/items/[id],2.300000,0.000000,310,320,330,330,340,340,340,340,340,340,340,190,0,310,345.90065707894905,253.69768499967904,1078.5027970000556,42.536842105263155
1790896813,10,,Aggregated,6.400000,0.000000,310,320,330,330,350,360,360,430,430,430,430,621,0,320,350.02292080997904,253.69768499967904,1078.5027970000556,1085.8454106280194
1790896814,10,GET,/,0.900000,0.000000,290,320,340,340,350,350,350,350,350,350,350,56,0,300,335.4972734999982,262.6845790000516,918.2327879998411,100.71428571428571
1790896814,10,GET,/cpu,0.700000,0.000000,320,330,340,390,420,420,420,420,420,420,420,68,0,330,346.49441611761364,267.7007960000992,730.243382000026,46.0
1790896814,10,GET,/items,2.800000,0.000000,310,320,330,350,360,370,430,430,430,430,430,312,0,330,355.2959670544838,277.8154369998447,1078.4442330000275,2128.0
1790896814,10,GET,/items/[id],2.100000,0.000000,310,330,340,340,370,440,440,440,440,440,440,193,0,310,346.49370531088414,253.69768499967904,1078.5027970000556,42.5440414507772
1790896814,10,,Aggregated,6.500000,0.000000,310,320,330,340,360,370,430,440,440,440,440,629,0,320,349.88091328775397,253.69768499967904,1078.5027970000556,1082.5357710651829
1790896815,10,GET,/,0.900000,0.000000,290,320,340,350,370,370,370,370,370,370,370,57,0,300,336.0926565964882,262.6845790000516,918.2327879998411,100.6842105263158
1790896815,10,GET,/cpu,0.700000,0.000000,300,300,330,330,340,340,340,340,340,340,340,69,0,320,345.6843301159084,267.7007960000992,730.243382000026,46.0
1790896815,10,GET,/items,2.400000,0.000000,310,310,320,320,360,370,430,430,430,430,430,315,0,330,354.7625076952354,277.8154369998447,1078.4442330000275,2128.0
1790896815,10,GET,/items/[id],2.200000,0.000000,310,330,340,340,370,440,440,440,440,440,440,195,0,310,345.7148796974369,253.69768499967904,1078.5027970000556,42.54871794871795
1790896815,10,,Aggregated,6.200000,0.000000,310,320,330,340,350,370,430,440,440,440,440,636,0,320,349.33033281288823,253.69768499967904,1078.5027970000556,1081.0220125786163
1790896816,10,GET,/,0.800000,0.000000,320,340,350,350,370,370,370,370,370,370,370,57,0,300,336.0926565964882,262.6845790000516,918.2327879998411,100.6842105263158
1790896816,10,GET,/cpu,0.500000,0.000000,300,300,330,330,340,340,340,340,340,340,340,69,0,320,345.6843301159084,267.7007960000992,730.243382000026,46.0
1790896816,10,GET,/items,2.800000,0.000000,310,310,320,330,360,370,430,430,430,430,430,317,0,330,354.4934864637187,277.8154369998447,1078.4442330000275,2128.0
1790896816,10,GET,/items/[id],2.200000,0.000000,300,310,330,340,370,440,440,440,440,440,440,198,0,310,344.8000439393973,253.69768499967904,1078.5027970000556,42.53030303030303
1790896816,10,,Aggregated,6.300000,0.000000,310,320,330,340,360,370,430,440,440,440,440,641,0,320,348.91473340561157,253.69768499967904,1078.5027970000556,1079.4227769110764
1790896817,10,GET,/,0.800000,0.000000,340,350,350,370,370,370,370,370,370,370,370,58,0,300,335.48103551723625,262.6845790000516,918.2327879998411,100.6896551724138
1790896817,10,GET,/cpu,0.700000,0.000000,300,310,330,330,340,340,340,340,340,340,340,70,0,320,345.20499648568017,267.7007960000992,730.243382000026,46.0
1790896817,10,GET,/items,2.900000,0.000000,310,310,320,330,360,370,430,430,430,430,430,319,0,330,354.18132227585863,277.8154369998447,1078.4442330000275,2128.0
1790896817,10,GET,/items/[id],1.900000,0.000000,290,300,330,340,370,440,440,440,440,440,440,200,0,310,344.1697520300046,253.69768499967904,1078.5027970000556,42.535
1790896817,10,,Aggregated,6.300000,0.000000,300,310,330,340,360,370,430,440,440,440,440,647,0,320,348.43901395053655,253.69768499967904,1078.5027970000556,1076.3508500772798
1790896818,10,GET,/,0.900000,0.000000,340,340,350,350,370,370,370,370,370,370,370,59,0,300,335.136912915251,262.6845790000516,918.2327879998411,100.69491525423729
1790896818,10,GET,/cpu,0.700000,0.000000,300,300,300,300,310,310,310,310,310,310,310,70,0,320,345.20499648568017,267.7007960000992,730.243382000026,46.0
1790896818,10,GET,/items,3.000000,0.000000,310,320,330,340,360,370,430,430,430,430,430,323,0,330,353.8119237739907,277.8154369998447,1078.4442330000275,2128.0
1790896818,10,GET,/items/[id],1.900000,0.000000,290,290,310,340,370,440,440,440,440,440,440,201,0,310,343.847208626871,253.69768499967904,1078.5027970000556,42.53731343283582
1790896818,10,,Aggregated,6.500000,0.000000,300,310,320,330,360,370,430,440,440,440,440,653,0,320,348.13471352067006,253.69768499967904,1078.5027970000556,1079.716692189893
1790896819,10,GET,/,0.800000,0.000000,300,320,320,370,370,370,370,370,370,370,370,60,0,300,334.561957566666,262.6845790000516,918.2327879998411,100.7
1790896819,10,GET,/cpu,0.800000,0.000000,290,300,300,300,310,310,310,310,310,310,310,71,0,320,344.1816110140459,267.7007960000992,730.243382000026,46.0
1790896819,10,GET,/items,2.800000,0.000000,310,320,330,340,350,370,430,430,430,430,430,326,0,330,353.41683894478194,277.8154369998447,1078.4442330000275,2128.0
1790896819,10,GET,/items/[id],2.100000,0.000000,290,300,310,340,370,440,440,440,440,440,440,203,0,310,343.2517783349805,253.69768499967904,1078.5027970000556,42.54187192118226
1790896819,10,,Aggregated,6.500000,0.000000,300,310,320,330,350,370,430,440,440,440,440,660,0,320,347.58274596060187,253.69768499967904,1078.5027970000556,1078.290909090909
1790896820,10,GET,/,0.600000,0.000000,300,320,320,370,370,370,370,370,370,370,370,60,0,300,334.561957566666,262.6845790000516,918.2327879998411,100.7
1790896820,10,GET,/cpu,0.800000,0.000000,290,300,300,300,310,310,310,310,310,310,310,72,0,320,343.50982202773946,267.7007960000992,730.243382000026,46.0
1790896820,10,GET,/items,3.000000,0.000000,310,320,340,340,360,370,430,430,430,430,430,328,0,330,353.0844546158501,277.8154369998447,1078.4442330000275,2128.0
1790896820,10,GET,/items/[id],1.900000,0.000000,290,300,310,310,370,440,440,440,440,440,440,206,0,310,342.3938507135969,253.69768499967904,1078.5027970000556,42.53883495145631
1790896820,10,,Aggregated,6.300000,0.000000,300,310,320,330,360,370,430,440,440,440,440,666,0,320,347.07396246395956,253.69768499967904,1078.5027970000556,1075.2267267267268
1790896821,10,GET,/,0.500000,0.000000,300,300,320,320,370,370,370,370,370,370,370,61,0,300,334.00791059016154,262.6845790000516,918.2327879998411,100.68852459016394
1790896821,10,GET,/cpu,0.700000,0.000000,290,290,300,300,310,310,310,310,310,310,310,74,0,320,341.7206511621218,267.7007960000992,730.243382000026,46.0
1790896821,10,GET,/items,3.300000,0.000000,310,310,320,330,340,350,370,370,370,370,370,330,0,330,352.7536101121188,277.8154369998447,1078.4442330000275,2128.0
1790896821,10,GET,/items/[id],1.900000,0.000000,290,290,300,300,340,370,440,440,440,440,440,208,0,310,341.88517997115883,253.69768499967904,1078.5027970000556,42.54326923076923
1790896821,10,,Aggregated,6.400000,0.000000,300,300,310,320,340,370,370,440,440,440,440,673,0,320,346.482346958391,253.69768499967904,1078.5027970000556,1070.780089153046
1790896822,10,GET,/,0.500000,0.000000,300,300,320,320,370,370,370,370,370,370,370,61,0,300,334.00791059016154,262.6845790000516,918.2327879998411,100.68852459016394
1790896822,10,GET,/cpu,0.700000,0.000000,290,300,300,300,310,310,310,310,310,310,310,74,0,320,341.7206511621218,267.7007960000992,730.243382000026,46.0
1790896822,10,GET,/items,3.300000,0.000000,300,310,320,330,340,350,370,370,370,370,370,334,0,330,352.1752511496986,277.8154369998447,1078.4442330000275,2128.0
1790896822,10,GET,/items/[id],1.900000,0.000000,290,300,300,310,370,440,440,440,440,440,440,209,0,300,341.4997454258412,253.69768499967904,1078.5027970000556,42.5311004784689
1790896822,10,,Aggregated,6.400000,0.000000,300,300,310,320,340,370,370,440,440,440,440,678,0,320,346.1088368879013,253.69768499967904,1078.5027970000556,1075.4970501474927
1790896823,10,GET,/,0.600000,0.000000,300,320,320,320,370,370,370,370,370,370,370,63,0,300,332.68005184126673,262.6845790000516,918.2327879998411,100.6984126984127
1790896823,10,GET,/cpu,0.700000,0.000000,290,300,300,300,310,310,310,310,310,310,310,74,0,320,341.7206511621218,267.7007960000992,730.243382000026,46.0
1790896823,10,GET,/items,2.800000,0.000000,310,320,330,330,340,350,370,370,370,370,370,338,0,330,351.80070290236335,277.8154369998447,1078.4442330000275,2128.0
1790896823,10,GET,/items/[id],2.200000,0.000000,280,290,300,300,310,440,440,440,440,440,440,209,0,300,341.4997454258412,253.69768499967904,1078.5027970000556,42.5311004784689
1790896823,10,,Aggregated,6.300000,0.000000,300,310,320,320,340,370,370,440,440,440,440,684,0,320,345.80154360672,253.69768499967904,1078.5027970000556,1078.8026315789473
1790896824,10,GET,/,0.500000,0.000000,300,320,320,320,370,370,370,370,370,370,370,63,0,300,332.68005184126673,262.6845790000516,918.2327879998411,100.6984126984127
1790896824,10,GET,/cpu,0.800000,0.000000,290,300,300,300,310,310,310,310,310,310,310,74,0,320,341.7206511621218,267.7007960000992,730.243382000026,46.0
1790896824,10,GET,/items,2.500000,0.000000,310,320,330,330,340,340,350,350,350,350,350,340,0,330,351.58282509705435,277.8154369998447,1078.4442330000275,2128.0
1790896824,10,GET,/items/[id],2.100000,0.000000,280,290,290,300,300,310,310,310,310,310,310,211,0,300,340.8009760473978,253.69768499967904,1078.5027970000556,42.52132701421801
1790896824,10,,Aggregated,5.900000,0.000000,300,300,310,320,330,340,350,370,370,370,370,688,0,320,345.4845028066806,253.69768499967904,1078.5027970000556,1078.8372093023256
1790896825,10,GET,/,0.600000,0.000000,300,300,320,320,320,320,320,320,320,320,320,65,0,300,331.02105344614756,262.6845790000516,918.2327879998411,100.6923076923077
1790896825,10,GET,/cpu,0.800000,0.000000,280,300,300,310,310,310,310,310,310,310,310,74,0,320,341.7206511621218,267.7007960000992,730.243382000026,46.0
1790896825,10,GET,/items,3.100000,0.000000,310,320,330,330,340,350,390,390,390,390,390,343,0,330,351.457766507283,277.8154369998447,1078.4442330000275,2128.0
1790896825,10,GET,/items/[id],2.000000,0.000000,280,290,290,290,300,310,310,310,310,310,310,215,0,300,339.5289455720983,253.69768499967904,1078.5027970000556,42.50232558139535
1790896825,10,,Aggregated,6.500000,0.000000,300,300,310,320,330,340,350,390,390,390,390,697,0,320,344.83849909612036,253.69768499967904,1078.5027970000556,1074.5925394548062
1790896826,10,GET,/,0.700000,0.000000,300,300,320,320,320,320,320,320,320,320,320,65,0,300,331.02105344614756,262.6845790000516,918.2327879998411,100.6923076923077
1790896826,10,GET,/cpu,0.700000,0.000000,280,300,300,310,310,310,310,310,310,310,310,74,0,320,341.7206511621218,267.7007960000992,730.243382000026,46.0
1790896826,10,GET,/items,2.900000,0.000000,310,320,330,330,340,350,390,390,390,390,390,347,0,330,350.9190318645489,277.8154369998447,1078.4442330000275,2128.0
1790896826,10,GET,/items/[id],1.700000,0.000000,280,290,290,300,310,330,330,330,330,330,330,217,0,300,339.19676180184706,253.69768499967904,1078.5027970000556,42.49308755760369
1790896826,10,,Aggregated,6.000000,0.000000,300,310,310,320,330,340,350,390,390,390,390,703,0,320,344.4926003243186,253.69768499967904,1078.5027970000556,1077.6472261735419
1790896827,10,GET,/,0.900000,0.000000,280,300,300,300,320,320,320,320,320,320,320,66,0,300,329.9927902424136,262.6845790000516,918.2327879998411,100.6969696969697
1790896827,10,GET,/cpu,0.500000,0.000000,280,280,300,300,300,300,300,300,300,300,300,74,0,320,341.7206511621218,267.7007960000992,730.243382000026,46.0
1790896827,10,GET,/items,2.800000,0.000000,310,330,330,330,340,390,450,450,450,450,450,350,0,330,351.09906851999364,277.8154369998447,1078.4442330000275,2128.0
1790896827,10,GET,/items/[id],2.100000,0.000000,280,290,290,300,310,330,330,330,330,330,330,218,0,300,338.94994302293907,253.69768499967904,1078.5027970000556,42.4954128440367
1790896827,10,,Aggregated,6.300000,0.000000,300,310,320,320,330,340,390,450,450,450,450,708,0,320,344.4104716143995,253.69768499967904,1078.5027970000556,1079.2570621468926
1790896828,10,GET,/,0.800000,0.000000,280,300,300,300,320,320,320,320,320,320,320,66,0,300,329.9927902424136,262.6845790000516,918.2327879998411,100.6969696969697
1790896828,10,GET,/cpu,0.500000,0.000000,280,280,300,300,300,300,300,300,300,300,300,75,0,320,340.79940735996087,267.7007960000992,730.243382000026,46.0
1790896828,10,GET,/items,2.700000,0.000000,310,320,330,330,340,390,450,450,450,450,450,355,0,330,350.5123927830923,277.8154369998447,1078.4442330000275,2128.0
1790896828,10,GET,/items/[id],2.000000,0.000000,290,290,300,310,330,330,330,330,330,330,330,220,0,300,338.816559618185,253.69768499967904,1078.5027970000556,42.486363636363635
1790896828,10,,Aggregated,6.000000,0.000000,300,310,320,320,330,340,390,450,450,450,450,716,0,320,344.0098076284845,253.69768499967904,1078.5027970000556,1082.2388268156424
1790896829,10,GET,/,0.800000,0.000000,280,280,300,300,320,320,320,320,320,320,320,66,0,300,329.9927902424136,262.6845790000516,918.2327879998411,100.6969696969697
1790896829,10,GET,/cpu,0.400000,0.000000,280,280,300,300,370,370,370,370,370,370,370,78,0,320,339.59782424355393,267.7007960000992,730.243382000026,46.0
1790896829,10,GET,/items,3.100000,0.000000,310,320,330,330,340,390,450,450,450,450,450,356,0,330,350.3665398089827,277.8154369998447,1078.4442330000275,2128.0
1790896829,10,GET,/items/[id],1.800000,0.000000,290,300,320,330,330,350,350,350,350,350,350,222,0,300,338.8173525630662,253.69768499967904,1078.5027970000556,42.47747747747748
1790896829,10,,Aggregated,6.100000,0.000000,300,310,320,330,330,370,390,450,450,450,450,722,0,320,343.78960510802654,253.69768499967904,1078.5027970000556,1076.4986149584488
1790896830,10,GET,/,0.700000,0.000000,280,280,300,300,320,320,320,320,320,320,320,66,0,300,329.9927902424136,262.6845790000516,918.2327879998411,100.6969696969697
1790896830,10,GET,/cpu,0.400000,0.000000,280,280,280,280,370,370,370,370,370,370,370,78,0,320,339.59782424355393,267.7007960000992,730.243382000026,46.0
1790896830,10,GET,/items,3.400000,0.000000,310,320,330,330,340,390,450,450,450,450,450,358,0,330,350.12077478211575,277.8154369998447,1078.4442330000275,2128.0
1790896830,10,GET,/items/[id],1.800000,0.000000,290,300,320,320,330,330,350,350,350,350,350,226,0,300,337.894967796463,253.69768499967904,1078.5027970000556,42.46017699115044
1790896830,10,,Aggregated,6.300000,0.000000,300,320,320,330,330,370,390,450,450,450,450,728,0,320,343.37315184202566,253.69768499967904,1078.5027970000556,1073.7005494505495
1790896831,10,GET,/,0.600000,0.000000,280,280,280,320,320,320,320,320,320,320,320,66,0,300,329.9927902424136,262.6845790000516,918.2327879998411,100.6969696969697
1790896831,10,GET,/cpu,0.600000,0.000000,280,280,280,280,370,370,370,370,370,370,370,78,0,320,339.59782424355393,267.7007960000992,730.243382000026,46.0
1790896831,10,GET,/items,2.900000,0.000000,310,320,330,330,340,390,450,450,450,450,450,362,0,330,349.81713455524243,277.8154369998447,1078.4442330000275,2128.0
1790896831,10,GET,/items/[id],1.900000,0.000000,290,310,320,330,330,350,380,380,380,380,380,229,0,300,337.70308479912956,253.69768499967904,1078.5027970000556,42.45414847161572
1790896831,10,,Aggregated,6.000000,0.000000,300,320,330,330,340,370,390,450,450,450,450,735,0,320,343.1781817346871,253.69768499967904,1078.5027970000556,1075.2272108843538
1790896832,10,GET,/,0.600000,0.000000,280,280,280,320,320,320,320,320,320,320,320,67,0,300,329.22889999999416,262.6845790000516,918.2327879998411,100.70149253731343
1790896832,10,GET,/cpu,0.600000,0.000000,280,280,280,280,370,370,370,370,370,370,370,78,0,320,339.59782424355393,267.7007960000992,730.243382000026,46.0
1790896832,10,GET,/items,2.900000,0.000000,310,320,340,340,380,390,450,450,450,450,450,366,0,330,349.50891794261844,277.8154369998447,1078.4442330000275,2128.0
1790896832,10,GET,/items/[id],2.200000,0.000000,290,310,320,330,330,350,380,380,380,380,380,229,0,300,337.70308479912956,253.69768499967904,1078.5027970000556,42.45414847161572
1790896832,10,,Aggregated,6.300000,0.000000,300,320,330,330,360,380,390,450,450,450,450,740,0,320,342.97464456350804,253.69768499967904,1078.5027970000556,1079.6013513513512
